microhaplotype name ,nearby locus,SNPs,# SNPs,Chr #,SNP positions (build37),extent in bp,,Biaka,Mbuti,Lisongo,GWD,MSL,YRI,ESN,Yoruba,Ibo,Hausa,Chagga,Masai,Sandawe,Zaramo,LWK,AfrAmer,ASW,ACB,Ethiopians,Yemenites,Kuwaiti,Druze,Samaritans,Ashkenazi,Sardinians,Roman Jews,IBS,TSI,Adygei,Chuvash,Hungarian,RussiaA,RussiaV,Euro Amer,CEU,GBR,Irish,Danes,Finns,FIN aka FN1,Komi Zyriane,PJL,GIH,Keralite,Thoti,ITU,STU,BEB,Kachari,Khanty,Yakut,Koreans,Japanese,JPT,CHB,CHS aka HCS,SF Chinese,TW Chinese,Hakka,CDX,KHV,Laotians,Cambodians,Ami,Atayal,Malaysians,Samoans,Micronesians,Papuans New Guinea,Nasioi,Plains Indians,SW Amer Indians,PimaMX,Maya,MXL,PUR,CLM,Guihiba,Quechua,PEL,Ticuna,RSurui,Karitiana,,83 population average Ae,Ae rank, In  for 83 pops,In rank
mh14KK-101,ELK2B,rs28529526/rs10134526,2,14,106009477 106009572,95,,1.535,1.257,1.438,1.472,1.553,1.600,1.613,1.752,1.721,1.797,2.100,1.766,2.227,2.138,1.716,2.226,2.075,1.798,2.977,2.323,2.632,2.018,1.320,1.917,1.690,1.957,1.899,1.961,2.046,2.010,1.871,1.899,1.925,1.795,2.039,1.957,1.981,1.966,1.998,2.037,2.552,2.244,2.120,1.620,1.640,1.736,1.791,1.683,1.883,1.734,2.127,1.272,1.719,1.463,1.247,1.153,1.428,1.268,1.050,1.011,1.063,1.061,1.087,1.000,1.000,1.000,1.000,1.092,1.365,1.095,1.135,1.151,1.120,1.482,2.006,2.482,2.456,1.087,1.096,1.408,1.032,1.047,1.000,,1.663,115,0.403,1
mh02KK-003,EDAR,rs260694/rs11123719/rs11691107,3,2,109586313 109586371 109586437,124,,3.373,3.069,2.977,3.658,3.699,3.531,3.297,3.238,3.741,3.343,3.573,3.653,3.441,3.396,3.333,3.421,3.425,3.544,2.424,1.422,1.557,1.267,1.026,1.413,1.059,1.524,1.388,1.186,1.322,1.630,1.561,1.442,1.591,1.328,1.306,1.508,1.273,1.347,1.504,1.493,1.235,1.522,1.652,1.600,1.347,1.528,1.388,1.822,1.871,2.256,1.379,1.231,1.235,1.471,1.233,1.393,1.234,1.277,1.222,1.708,1.657,1.848,1.792,1.824,1.229,2.062,2.219,2.019,1.963,1.796,1.671,1.411,1.719,1.775,2.159,1.924,2.084,1.600,1.424,1.831,1.113,2.522,1.198,,1.973,97,0.393,2
mh02KK-134,ITGB6,rs12469721/rs3101043/rs3111398/rs72623112,4,2,161079411 161079435 161079450 161079514,103,,3.744,3.693,3.379,4.496,4.202,4.615,4.894,5.034,4.536,4.028,4.244,3.738,4.457,4.377,4.160,5.529,4.248,4.695,4.367,5.111,5.681,5.177,3.997,6.013,4.945,5.212,6.775,6.775,7.649,4.787,6.295,7.172,7.030,5.696,5.854,6.009,7.006,7.281,5.072,6.168,5.711,6.101,5.866,6.387,3.556,6.975,5.930,5.849,5.453,3.424,3.349,2.968,3.049,3.704,3.063,3.020,2.657,2.857,2.671,3.107,2.887,3.490,4.069,3.112,1.622,4.481,4.765,6.791,3.205,2.830,3.784,3.668,2.761,2.151,5.155,6.149,4.819,1.895,1.881,2.488,1.983,1.046,1.156,,4.445,6,0.389,3
mh01KK-001,CEP104,rs4648344/rs6663840/rs58111155/rs6688969,4,1,3743132 3743319 3743350 3743391,259,,2.113,1.419,2.169,2.474,2.434,2.950,2.313,2.536,2.457,3.180,3.301,2.781,3.869,3.344,3.177,3.017,3.118,3.092,3.805,4.586,2.880,3.535,2.254,3.739,3.498,3.189,3.287,3.677,3.684,4.256,3.410,3.408,3.082,3.270,3.025,2.753,3.353,3.273,3.064,4.019,3.642,4.242,4.605,4.724,3.945,4.229,4.182,4.330,4.206,3.248,2.990,2.550,2.562,2.521,2.641,2.583,2.528,2.583,2.510,2.391,2.399,2.284,2.246,2.461,2.274,1.471,2.492,3.737,1.629,2.739,4.352,2.860,1.999,2.464,3.495,3.533,3.308,1.603,1.816,2.324,2.206,1.875,1.768,,3.004,28,0.384,4
mh21KK-324,LOC642852,rs6518223/rs2838868/rs7279250/rs8133697,4,21,46714549 46714641 46714692 46714707,158,,4.612,3.556,3.879,5.806,4.747,4.028,3.713,4.025,3.987,4.889,4.791,5.000,4.774,5.113,4.975,5.596,7.118,4.918,5.902,5.387,5.172,5.459,4.141,5.522,5.103,4.792,4.729,5.166,5.107,4.187,4.643,4.007,3.409,4.696,4.715,5.183,3.796,4.597,3.154,4.143,2.212,4.591,4.665,5.289,3.415,5.205,4.830,3.675,5.020,3.402,3.457,3.605,3.422,3.066,3.232,3.478,2.999,3.513,3.488,3.498,3.325,3.735,3.429,3.076,2.608,3.374,2.228,2.264,2.909,3.408,1.564,1.789,1.609,1.600,3.000,5.634,3.818,1.000,1.264,1.633,1.372,1.425,1.594,,3.883,12,0.382,5
mh09KK-153,LPPR1,rs10125791/rs2987741/rs7047561,3,9,103969740 103969775 103969852,112,,2.068,2.178,3.556,3.885,3.610,3.374,3.569,3.851,3.872,3.361,3.590,3.960,3.200,3.812,3.423,4.020,4.176,3.988,2.835,2.101,3.571,2.456,2.213,2.590,2.532,2.706,2.756,2.457,2.373,1.936,2.651,1.912,2.567,3.088,2.627,2.605,2.847,2.691,1.839,2.605,2.814,2.988,3.034,3.789,4.122,3.077,3.952,3.778,2.470,2.956,2.736,3.302,2.695,2.815,3.762,4.218,3.653,3.496,3.546,3.865,3.786,4.296,4.482,2.709,4.466,3.667,3.767,2.464,3.083,2.600,1.704,1.662,1.235,2.321,2.805,3.057,3.105,1.185,2.185,2.125,1.764,1.023,1.981,,2.988,29,0.374,6
mh05KK-170,D5S1970,rs74865590/rs438055/rs370672/rs6555108,4,5,2448024 2448052 2448146 2448160,136,,2.746,3.370,3.048,2.931,2.774,2.864,2.732,2.607,2.657,2.938,2.567,2.694,2.759,2.699,2.691,3.729,4.118,2.970,3.507,6.579,4.091,5.560,3.983,5.614,6.385,6.597,5.795,5.241,6.627,6.343,6.126,6.211,5.745,6.400,6.224,6.383,6.283,6.412,7.136,7.040,4.331,7.903,7.853,7.753,7.127,7.688,7.353,8.553,6.215,7.926,5.951,6.944,7.913,7.747,7.288,6.803,6.303,6.754,5.697,7.020,6.558,6.581,6.000,5.493,4.899,6.897,4.500,5.095,3.470,4.255,6.555,5.276,5.388,5.352,6.091,5.723,6.045,3.000,2.916,4.084,3.594,2.272,3.822,,5.279,2,0.374,7
mh13KK-218,D13S169,rs1927847/rs9536429/rs7492234/rs9536430,4,13,54060827 54060881 54060892 54060972,145,,6.834,2.471,3.048,5.669,5.579,5.336,5.759,5.589,4.449,4.016,5.383,6.624,4.079,5.490,4.183,5.524,7.436,6.057,6.095,5.940,7.042,6.757,3.835,6.088,6.404,5.360,7.251,6.821,6.656,6.975,7.104,7.407,8.762,8.328,6.870,7.982,7.274,7.068,8.033,6.486,4.793,7.632,7.163,6.040,5.045,7.547,7.504,7.789,5.689,6.174,6.055,6.328,6.940,7.060,6.505,6.436,6.075,6.251,5.602,6.128,6.297,5.984,5.213,5.930,4.829,3.781,7.043,4.400,3.237,3.130,4.541,4.136,5.054,6.227,7.706,8.453,8.273,4.966,6.166,6.842,3.517,5.371,5.774,,6.020,1,0.367,8
mh10KK-169,FRMD4A,rs10906617/rs10796164/rs10796165/rs17154765/rs10796166,5,10,14208361 14208510 14208588 14208611 14208652,291,,12.080,4.819,7.538,6.956,8.729,10.419,9.840,10.326,10.052,8.257,6.984,9.108,7.206,7.945,8.020,7.563,7.867,8.886,5.870,3.596,3.333,3.858,2.288,3.909,4.141,4.212,4.352,3.892,3.712,3.497,3.746,3.557,3.587,3.278,3.632,3.889,4.019,3.850,3.330,3.514,3.847,3.162,3.475,4.281,2.490,3.460,3.032,3.207,3.180,2.404,4.101,4.533,3.513,2.953,3.223,4.165,3.816,3.960,3.093,3.690,3.697,3.308,2.821,3.271,2.296,4.321,2.189,3.275,4.190,2.969,3.260,3.255,3.113,3.879,4.470,4.798,4.749,3.740,4.632,4.777,3.776,2.400,3.006,,4.668,3,0.354,9
mh15KK-104,HERC1,rs11631544/rs10152453/rs80047978,3,15,64098557 64098613 64098694,137,,1.254,1.301,2.133,1.724,1.649,1.963,1.899,1.718,1.997,1.777,1.818,1.869,1.358,1.604,1.612,2.177,2.109,1.830,2.667,2.568,2.922,2.788,1.817,2.924,3.529,2.637,2.747,2.566,2.373,3.816,3.578,3.850,3.905,3.221,3.153,3.052,3.252,3.475,3.759,3.584,3.136,3.176,2.940,2.773,2.266,2.866,3.196,2.903,2.513,2.991,1.181,1.184,1.182,1.155,1.263,1.234,1.167,1.150,1.168,1.199,1.210,1.194,1.229,1.161,1.126,1.541,1.385,1.342,1.936,1.682,1.160,1.521,1.196,1.895,3.229,3.049,3.587,1.986,1.744,2.442,1.998,1.568,1.707,,2.187,80,0.348,10
mh22KK-069,ZC3H7B,rs8137373/rs2235845,2,22,41729216 41729294,78,,1.524,1.942,2.169,2.319,2.251,2.515,2.573,2.389,2.772,2.429,2.871,2.899,2.367,2.908,2.734,2.857,2.780,2.822,2.814,1.915,2.113,2.032,1.150,1.823,2.038,1.903,1.618,1.630,1.636,1.661,1.545,1.680,1.586,1.621,1.707,1.739,1.701,1.573,1.712,1.541,1.571,1.900,1.920,1.763,1.986,1.884,1.966,2.434,2.028,1.626,1.550,2.076,1.979,1.972,2.284,2.416,2.123,2.255,2.018,2.136,2.254,2.219,2.083,2.168,1.361,2.667,1.906,2.122,1.100,1.146,1.504,1.103,1.010,1.177,1.873,2.087,2.148,1.087,1.308,1.526,1.148,1.000,1.000,,1.937,101,0.341,11
mh10KK-163,PFKP,rs3814588/rs6602026/rs3814589/rs3814590/rs9423466,5,10,3162410 3162423 3162486 3162525 3162669,259,,5.997,4.507,4.571,5.518,5.612,6.504,5.821,6.527,6.245,6.325,5.806,5.873,4.358,5.969,7.274,7.095,7.310,6.955,4.648,4.536,5.045,5.265,3.834,5.520,4.063,4.796,5.402,5.246,4.255,4.807,5.355,3.891,4.998,4.565,4.846,5.295,4.640,4.865,4.463,4.706,4.189,4.268,4.508,4.634,4.215,3.756,3.496,4.338,2.860,3.597,4.766,4.368,4.190,3.820,3.567,4.770,4.886,4.905,3.926,4.575,4.720,4.776,3.738,3.575,4.380,4.348,3.951,5.271,2.146,3.161,2.042,1.625,1.592,3.199,3.333,5.513,5.381,2.504,2.765,3.088,2.549,2.263,1.895,,4.515,5,0.335,12
mh11KK-103,DRD2-NCAM,rs1107162/rs2075654/rs1079727/rs2002453,4,11,113289037 113289066 113289182 113289298,261,,1.873,1.684,2.333,2.185,2.315,2.500,2.451,2.594,2.375,2.322,2.877,2.208,2.379,2.003,2.104,2.463,3.414,2.823,2.123,2.150,2.467,2.342,2.591,1.903,1.660,2.031,1.986,2.119,2.165,2.880,2.084,2.835,2.366,2.165,2.165,2.264,2.168,2.117,2.714,2.505,2.255,3.257,2.986,3.276,2.323,3.268,3.061,3.208,2.934,2.720,1.870,2.229,2.221,2.276,2.150,2.193,2.178,2.289,2.211,2.215,2.367,2.349,2.133,1.972,1.980,1.984,2.612,2.174,1.529,2.288,1.580,1.835,1.458,1.917,3.107,2.696,2.673,1.835,2.116,2.751,2.405,1.919,1.937,,2.331,64,0.324,13
mh19KK-299,LINC01233,rs12985452/rs4932999/rs4932769/rs2361019/rs2860462,5,19,22729500 22729551 22729582 22729613 22729653,153,,4.967,2.715,2.770,3.885,3.003,4.196,3.496,3.671,3.174,2.868,4.774,4.513,3.257,3.172,4.829,4.027,3.965,4.521,6.302,4.755,3.314,5.244,4.018,4.309,4.066,4.250,4.126,4.538,4.362,4.648,4.765,4.475,4.503,4.050,4.002,4.084,4.130,4.408,4.580,4.658,4.221,5.127,4.765,4.390,3.267,4.885,4.722,4.058,3.461,4.331,4.324,3.883,3.731,3.938,3.216,3.451,3.763,3.795,3.574,3.686,3.512,3.482,3.225,3.399,2.522,3.226,3.556,2.399,2.839,2.681,3.839,2.784,1.979,4.061,4.024,4.028,4.326,2.483,2.942,3.190,3.295,3.039,1.447,,3.834,13,0.318,14
mh21KK-316,CYYR1,rs961302/rs17002090/rs961301/rs2830208,4,21,27782968 27782992 27783039 27783102,134,,2.429,2.470,2.000,2.420,2.585,2.525,2.185,2.093,2.559,2.908,2.717,2.649,3.717,2.518,2.620,2.797,3.260,2.817,4.385,3.234,3.719,3.596,2.751,3.179,3.074,3.082,3.121,3.161,3.906,3.303,3.107,2.998,3.553,3.316,2.930,3.352,3.628,3.215,3.640,3.630,2.481,3.656,3.989,3.982,3.019,3.883,3.796,3.778,3.346,2.390,2.754,3.201,3.256,2.897,3.287,2.973,3.429,2.859,3.272,3.210,3.194,3.320,3.502,3.170,2.574,2.814,3.240,2.642,1.793,2.822,2.449,2.272,2.020,2.182,2.611,3.790,3.118,1.600,2.305,2.388,2.049,1.203,1.423,,2.953,31,0.318,15
mh16KK-049,RBFOX1,rs9937467/rs17670098/rs17670111/rs12929083/rs9926495,5,16,7209208 7209247 7209267 7209311 7209381,173,,3.645,3.327,3.459,4.616,4.537,4.562,4.288,4.661,4.802,4.493,4.530,5.714,4.651,4.468,5.378,5.562,5.011,4.553,3.829,5.213,3.101,4.736,4.435,5.203,5.309,4.477,5.294,5.150,5.075,5.555,5.797,5.596,5.643,5.627,5.531,5.428,5.802,5.790,4.645,5.401,4.809,4.909,4.740,5.678,4.898,4.794,4.302,4.252,4.639,6.193,4.758,4.658,4.445,3.560,3.339,3.315,3.775,4.137,3.665,2.849,3.316,3.030,3.695,2.627,3.600,2.847,4.765,3.476,2.446,3.585,1.320,2.966,1.977,3.013,4.207,4.375,4.778,1.246,2.367,3.438,1.816,1.880,1.257,,4.225,7,0.314,16
mh16KK-302,RBFOX1,rs1395579/rs1395580/rs1395582/rs9939248,4,16,7587734 7587746 7587804 7587847,113,,3.539,3.825,2.844,3.893,3.295,4.005,3.578,4.165,4.060,3.969,4.476,3.774,4.055,3.979,4.036,4.315,4.236,3.909,2.622,1.641,1.641,1.549,1.391,2.058,2.168,1.643,1.835,1.654,2.157,2.754,1.822,3.233,2.495,1.997,1.815,1.649,1.715,1.637,2.411,2.462,2.725,1.923,1.896,1.985,1.556,1.988,1.873,2.336,2.502,3.305,3.975,4.272,4.508,4.407,4.256,3.878,3.977,4.550,3.144,3.799,3.487,4.239,4.640,2.517,2.834,4.246,2.613,2.559,2.942,2.554,2.461,2.396,3.017,3.230,3.698,2.288,3.304,2.396,1.844,2.952,2.261,1.710,2.361,,2.936,32,0.312,17
mh18KK-293,D18S1122,rs621320/rs621340/rs678179/rs621766,4,18,76089886 76089907 76089945 76089968,82,,5.404,6.636,4.571,6.620,6.195,6.982,6.648,6.742,5.965,6.331,6.219,4.598,6.930,5.901,5.789,6.317,5.751,6.033,3.319,1.805,2.450,1.919,2.418,2.127,1.748,1.396,1.971,1.999,2.014,3.252,2.438,2.288,2.227,1.976,2.369,2.291,2.124,2.595,2.518,2.696,2.092,2.646,2.744,3.495,2.729,3.000,2.919,2.831,3.091,2.801,2.902,3.068,2.979,3.600,3.323,3.495,3.528,2.811,3.410,3.762,3.369,3.390,2.777,3.475,2.996,3.333,1.841,4.834,2.911,2.894,2.726,2.532,2.000,1.708,2.481,2.671,2.798,1.767,1.967,2.418,2.244,2.197,2.823,,3.409,21,0.307,18
mh19KK-301,KLK5,rs10408594/rs11084040/rs10408037/rs8104441,4,19,51441744 51441759 51441783 51441807,63,,2.371,2.828,2.612,2.453,2.238,2.439,2.784,2.239,2.441,2.223,2.365,2.484,1.659,2.445,2.463,2.396,2.644,2.463,1.751,1.454,1.244,1.376,1.976,1.592,1.847,1.536,1.568,1.475,1.676,1.924,1.718,1.480,1.800,1.588,1.825,1.737,1.954,1.691,1.573,1.955,1.170,2.170,2.372,2.140,2.072,2.308,2.260,2.333,2.094,2.090,1.728,1.206,1.345,1.404,1.271,1.208,1.388,1.386,1.438,1.330,1.285,1.268,1.482,1.545,1.276,1.449,1.385,1.401,2.208,1.432,1.649,1.557,1.145,1.579,1.404,1.905,1.868,1.449,1.789,1.907,2.236,1.927,1.402,,1.826,106,0.303,19
mh01KK-117,LRRN2,rs17413714/rs2772234/rs1610401/rs1610400,4,1,204633340 204633397 204633500 204633526,186,,3.427,2.518,2.513,3.685,3.512,3.849,3.622,3.558,4.076,3.692,4.117,3.924,4.729,3.391,4.286,4.439,4.003,3.495,4.893,6.805,3.756,4.645,3.542,4.494,4.785,4.794,4.604,4.258,3.509,3.212,4.105,3.938,3.583,4.102,4.703,4.515,4.734,4.092,3.646,4.074,4.228,5.304,5.663,5.380,6.898,5.154,3.900,5.487,8.738,2.849,4.560,4.004,3.841,3.829,4.570,4.249,2.830,3.861,2.673,3.461,4.158,4.043,4.085,3.311,2.630,4.200,3.306,2.840,1.674,1.983,1.825,2.695,2.862,3.485,3.902,4.319,3.619,2.043,2.674,3.045,2.354,2.973,2.135,,3.895,11,0.293,20
mh16KK-255,PLCG2,rs16956011/rs3934955/rs3934956/rs4073828,4,16,81970353 81970366 81970407 81970495,142,,3.746,3.245,4.455,3.504,3.263,3.464,3.519,3.975,3.932,4.429,3.870,3.646,3.625,3.766,2.697,4.660,3.316,3.622,4.514,4.213,2.800,2.710,2.711,3.792,4.285,2.122,3.973,3.519,3.053,4.519,3.769,2.711,3.988,4.070,3.629,3.691,3.820,4.291,4.167,3.335,3.933,3.574,3.233,3.365,3.111,3.420,3.718,3.471,2.779,3.261,3.302,3.319,4.274,3.840,3.822,3.858,3.700,4.495,3.545,3.352,3.774,3.357,4.000,2.928,4.747,3.175,2.418,3.612,2.312,1.642,2.276,3.418,3.389,3.505,3.593,3.335,4.061,3.723,3.354,3.600,3.321,1.670,2.344,,3.510,19,0.291,21
mh01KK-002,ESRRG,rs4528199/rs6604596,2,1,216634428 216634445,17,,2.064,2.611,1.855,1.840,1.924,1.511,1.478,1.652,1.623,1.667,1.766,1.942,2.484,1.803,2.160,2.820,2.354,1.829,3.677,3.206,3.462,3.635,2.504,3.205,2.963,3.329,3.226,2.944,3.515,3.164,3.384,3.138,3.636,3.116,3.189,3.333,3.204,3.036,3.112,3.212,2.718,3.567,3.672,3.636,3.219,3.706,3.488,3.439,2.604,3.275,2.240,1.899,2.003,2.084,2.115,1.656,2.062,1.861,2.087,1.826,1.611,1.913,2.165,2.065,2.405,3.143,2.945,2.401,2.488,2.652,2.344,1.405,2.042,2.430,3.102,3.434,2.999,1.557,1.539,2.745,1.233,1.492,1.289,,2.544,53,0.286,22
mh01KK-106,LOC28716,rs12123330/rs16840876/rs56212601/rs4468133,4,1,4227464 4227561 4227624 4227634,170,,2.219,3.028,2.800,1.711,1.971,2.030,1.890,2.156,1.773,2.189,2.447,2.067,2.572,2.134,1.936,2.692,2.322,2.351,2.898,2.688,3.061,2.874,2.052,2.917,2.979,2.914,3.183,3.106,2.250,3.142,2.899,2.912,2.966,3.076,3.091,3.018,3.024,2.971,3.366,3.182,3.258,2.579,2.425,2.537,2.793,2.596,2.586,2.684,2.829,2.642,3.099,2.890,3.408,3.226,2.881,3.205,2.956,3.373,3.098,3.519,3.338,3.180,2.467,3.260,3.540,2.220,2.282,2.546,1.217,1.627,1.310,1.419,1.063,1.463,2.259,3.177,2.771,1.087,1.148,1.538,1.000,1.000,1.058,,2.523,54,0.279,23
mh04KK-013,STAP1,rs13131164/rs3775866/rs11725922/rs3775867/rs17088476,5,4,68444102 68444180 68444192 68444257 68444302,200,,4.198,3.453,3.630,3.898,4.134,4.196,3.539,4.138,3.670,4.031,2.829,4.420,3.832,4.071,4.005,4.789,4.752,4.432,4.541,5.045,5.769,5.311,2.863,4.457,5.030,3.965,5.216,5.406,5.547,4.910,4.901,4.519,3.952,4.958,5.024,4.412,4.405,4.721,3.912,4.249,4.493,4.902,5.303,4.675,3.087,4.328,4.887,3.752,3.314,3.224,1.950,2.191,2.062,2.118,2.584,3.624,2.585,3.142,3.031,2.850,2.352,2.496,3.044,3.503,2.424,2.384,2.286,2.527,2.426,1.726,2.489,1.766,2.221,2.472,3.987,5.031,4.711,2.504,2.602,3.000,1.926,1.606,2.496,,3.677,17,0.277,24
mh11KK-180,FAM99A,rs12802112/rs28631755/rs7112918/rs4752777,4,11,1690791 1690911 1690969 1690984,193,,5.021,4.405,4.129,3.010,4.174,3.816,3.971,3.631,4.148,3.627,3.917,4.420,4.904,3.523,4.381,4.549,4.153,3.984,3.888,3.733,3.982,4.061,2.503,4.059,3.945,4.160,4.950,5.009,4.761,5.018,4.479,4.605,5.055,4.536,4.203,4.858,5.236,4.569,3.560,4.712,3.213,4.524,3.348,5.217,3.634,4.445,4.570,4.219,2.753,4.455,3.718,3.236,3.916,3.445,3.135,3.396,3.035,3.520,4.003,2.666,2.429,2.832,3.273,4.017,4.332,3.559,4.263,3.986,5.628,4.753,3.247,3.517,2.218,4.078,4.855,4.998,4.374,2.659,4.413,4.181,3.379,1.778,3.329,,3.978,8,0.268,25
mh01NK-001,COG2,rs2479135/rs2296796/rs2296797/rs2296798,4,1,230820351 230820578 230820605 230820630,279,,2.422,2.941,2.286,3.257,3.187,3.041,2.975,2.878,3.019,3.189,2.616,3.488,3.643,2.703,3.422,2.612,2.869,2.948,3.602,3.778,3.267,4.389,3.751,3.629,2.843,3.625,3.133,3.088,2.915,3.224,3.214,3.274,2.678,3.297,3.203,2.871,3.066,2.469,3.381,3.410,2.903,3.067,3.689,2.985,3.189,3.728,4.031,3.952,3.531,3.765,3.333,3.210,3.302,2.958,3.060,2.877,2.398,2.460,3.267,2.842,2.884,2.731,2.599,2.635,2.629,2.241,3.306,3.401,1.101,1.749,2.820,2.050,2.341,2.860,4.104,3.768,3.962,1.449,2.747,3.137,2.083,1.872,1.942,,3.019,26,0.268,26
mh11KK-187,TENM4,rs493442/rs17137917/rs551850/rs17137926,4,11,78947596 78947625 78947645 78947777,181,,3.114,2.625,3.368,2.384,2.332,2.395,2.460,2.495,2.193,2.677,2.797,3.226,4.105,2.524,4.148,3.172,3.022,3.038,3.886,3.116,3.600,3.009,1.743,2.532,2.844,2.711,2.487,2.469,3.125,3.443,2.435,2.837,3.268,2.511,2.195,1.986,2.228,2.823,2.956,2.937,3.123,2.781,3.028,2.905,3.159,2.827,2.626,2.553,2.972,3.361,3.099,2.315,2.193,2.410,2.633,2.760,2.493,2.705,2.576,2.470,2.634,2.363,2.537,1.957,1.936,2.133,2.219,2.498,2.673,2.667,1.945,3.518,2.087,2.425,1.886,2.712,2.635,1.180,2.836,2.799,2.030,2.033,2.056,,2.674,42,0.267,27
mh02KK-201,TEX41,rs1371048/rs786247,2,2,145753166 145753280,114,,1.970,2.932,2.667,2.464,2.330,2.424,2.515,2.492,2.334,2.780,2.441,2.632,2.930,2.324,2.289,2.773,2.580,2.620,2.882,2.909,2.778,2.952,2.585,2.980,2.806,2.908,2.879,2.966,2.863,2.665,2.896,2.938,2.882,2.850,2.976,2.944,2.923,2.882,2.877,2.889,2.772,2.770,2.521,2.826,1.888,2.715,2.598,2.470,2.198,1.737,1.152,1.080,1.064,1.010,1.071,1.029,1.071,1.020,1.025,1.011,1.074,1.043,1.229,1.106,1.025,1.095,1.000,1.635,1.862,1.689,1.056,1.318,1.021,1.104,2.296,2.931,2.821,1.000,1.148,1.404,1.220,1.048,1.018,,2.119,86,0.254,28
mh15KK-095,SLC24A5,rs2433354/rs2459391,2,15,48414969 48415068,99,,2.814,1.986,2.800,2.658,2.903,2.866,2.971,2.832,2.661,2.725,2.677,2.360,2.514,2.732,2.891,2.610,2.682,2.944,1.853,1.050,1.000,1.000,1.053,1.000,1.000,1.117,1.000,1.009,1.019,1.074,1.021,1.000,1.000,1.000,1.000,1.000,1.000,1.020,1.000,1.000,1.000,1.418,1.050,1.346,1.931,1.576,2.027,1.894,1.855,1.000,2.209,2.404,2.024,2.104,2.298,2.207,2.111,2.346,2.272,2.284,2.258,2.275,2.079,2.196,2.036,1.847,1.906,1.973,1.595,1.482,2.276,1.548,1.593,2.162,1.495,1.279,1.453,2.174,1.967,1.820,1.511,1.757,1.827,,1.828,105,0.253,29
mh02KK-004,MARCO,rs3731611/rs13424991/rs3731612,3,2,119742611 119742704 119742865,254,,3.364,2.630,1.855,2.149,2.315,2.808,2.536,2.344,2.638,2.395,2.918,2.195,2.837,2.738,2.698,2.523,2.783,2.654,2.352,1.921,1.858,2.518,1.465,1.901,1.397,2.651,1.682,1.888,2.616,2.490,2.177,2.330,2.158,1.880,2.201,1.802,1.956,1.874,1.793,1.888,1.775,2.912,3.089,2.917,1.910,3.037,3.740,3.513,2.368,1.897,3.618,2.445,2.967,2.869,2.881,3.218,3.577,3.483,3.110,2.613,2.945,2.674,3.492,2.398,2.470,3.774,2.945,3.252,1.559,3.239,2.143,3.109,2.600,2.990,2.859,2.379,1.881,3.270,3.117,3.015,3.099,3.826,2.982,,2.547,52,0.253,30
mh15KK-067,SEMA6D,rs701463/rs701464,2,15,46870734 46870855,121,,3.433,1.829,2.723,2.920,3.264,3.280,3.093,3.266,3.449,3.257,3.462,3.390,3.039,3.513,3.527,3.194,2.936,3.058,3.205,2.375,3.039,2.985,3.139,2.800,2.107,1.656,2.437,2.577,2.877,2.767,2.648,2.803,2.657,2.494,2.578,2.497,2.342,2.361,2.096,2.344,2.196,3.494,2.669,3.659,3.136,3.252,3.667,3.361,3.778,2.691,2.933,2.641,2.481,2.781,2.687,2.482,2.706,2.584,2.252,2.297,2.284,2.270,2.821,2.492,1.999,3.143,2.418,2.840,2.960,2.915,1.918,2.044,1.983,2.370,2.912,2.828,2.590,1.280,2.244,2.272,1.898,1.800,2.078,,2.717,39,0.252,31
mh09KK-157,GFI1B,rs606141/rs8193001/rs56256724/rs2073578/rs633153,5,9,135862479 135862495 135862563 135862592 135862632,153,,2.444,2.640,1.939,2.016,3.020,2.618,2.738,2.457,2.167,2.123,2.522,2.506,2.010,2.693,2.606,2.847,3.540,2.939,4.522,3.537,3.439,4.072,3.833,4.590,3.158,3.358,3.526,3.219,4.406,4.457,4.517,3.303,4.260,4.037,3.539,3.741,4.104,3.341,3.822,3.797,3.105,4.723,4.527,4.045,4.545,5.083,5.090,4.610,3.689,4.280,2.568,3.011,3.241,2.967,2.842,2.862,3.034,3.227,2.719,2.936,2.950,3.858,3.301,2.631,3.688,2.469,2.000,3.131,3.991,3.463,2.627,3.064,3.796,2.913,4.355,3.502,4.501,2.969,3.153,3.562,3.095,2.419,3.062,,3.349,23,0.251,32
mh13KK-047,DLEU1,rs806301/rs2066700,2,13,50887560 50887725,165,,3.831,2.176,2.032,3.363,2.669,2.645,2.870,2.659,2.567,2.722,3.004,2.837,2.839,3.596,3.503,2.559,2.688,2.690,2.426,2.069,2.663,2.246,1.712,2.367,2.005,2.247,2.425,2.330,2.485,2.555,2.264,2.271,2.515,2.436,2.468,2.326,2.315,2.245,2.356,2.342,2.319,2.426,2.252,2.651,2.748,2.334,2.418,2.913,2.766,2.312,2.959,1.758,2.011,2.154,1.851,2.148,2.498,2.219,1.800,2.148,2.106,2.370,2.246,2.373,1.494,3.408,2.160,2.698,2.541,1.869,1.417,1.888,2.075,1.305,2.183,2.216,2.097,1.986,1.603,1.782,1.225,1.845,1.018,,2.348,63,0.247,33
mh06KK-101,DLL1,rs9356632/rs2180052,2,6,170589803 170589989,186,,2.194,2.518,2.723,2.223,2.019,2.077,1.747,1.928,1.864,2.043,2.216,2.142,2.565,2.660,1.823,1.878,1.787,2.115,1.637,1.201,1.402,1.305,1.084,1.457,1.299,1.465,1.228,1.315,1.549,1.646,1.497,1.680,1.457,1.323,1.312,1.375,1.421,1.303,1.934,1.633,1.550,1.964,1.740,2.125,1.742,2.180,2.050,2.178,1.973,2.227,1.949,1.400,1.464,1.417,1.215,1.223,1.351,1.463,1.344,1.277,1.427,1.402,1.585,1.352,1.214,1.658,1.976,1.380,1.809,1.317,1.715,2.076,1.533,1.534,1.485,1.392,1.475,1.766,1.766,1.758,1.640,1.324,1.521,,1.687,114,0.247,34
mh13KK-217,LRRC63,rs7320507/rs9562648/rs9562649/rs2765614,4,13,46865930 46865970 46866084 46866122,192,,3.660,3.601,4.667,4.860,5.107,5.868,4.866,4.759,5.143,5.429,4.732,4.429,4.303,4.628,5.317,4.756,5.476,5.874,4.058,3.617,3.738,4.799,3.240,4.521,3.083,3.480,4.515,4.107,4.410,4.894,4.001,3.831,4.264,4.164,3.752,3.973,3.923,3.885,4.774,4.190,4.272,4.261,3.814,3.534,3.282,3.660,3.630,3.688,4.231,4.612,4.426,3.681,4.016,4.457,4.312,3.743,3.944,4.807,4.329,2.790,3.040,3.447,3.090,2.428,2.756,2.857,2.571,1.668,1.822,1.095,3.888,4.288,3.629,3.808,4.164,4.299,4.516,3.273,3.459,3.733,3.485,2.633,2.814,,3.963,10,0.245,35
mh13KK-226,D13S1676,rs721367/rs2892698,2,13,95546650 95546767,117,,2.433,2.431,2.510,2.171,2.128,2.343,2.245,2.187,2.690,2.176,2.470,2.198,2.955,2.434,2.734,2.143,2.338,2.299,1.867,1.661,2.406,1.537,1.201,1.717,1.674,1.587,1.468,1.416,1.540,2.034,1.739,1.857,1.987,1.683,1.547,1.686,1.663,1.612,1.634,1.879,2.085,2.084,2.105,2.052,2.195,1.683,1.980,2.339,2.117,2.931,2.150,1.887,1.764,1.753,1.675,1.642,1.646,1.665,1.615,1.749,1.606,1.795,1.572,1.362,1.024,1.541,2.219,2.070,1.273,1.595,2.962,2.593,2.965,2.981,2.296,2.068,2.118,1.882,2.451,2.720,2.517,1.949,2.321,,2.015,95,0.245,36
mh16KK-096,MC1R,rs1805007/rs885479,2,16,89986117 89986154,37,,1.000,1.000,1.000,1.000,1.000,1.000,1.000,1.000,1.000,1.000,1.022,1.000,1.000,1.000,1.000,1.137,1.142,1.054,1.000,1.025,1.000,1.024,1.529,1.203,1.000,1.163,1.110,1.068,1.421,1.690,1.241,1.511,1.322,1.241,1.536,1.439,1.288,1.471,1.936,1.701,1.755,1.076,1.040,1.070,1.153,1.103,1.104,1.162,1.778,2.165,1.884,1.480,1.628,1.625,1.865,1.930,2.016,2.031,1.979,1.992,1.971,1.928,2.000,1.968,1.747,1.835,1.246,1.372,1.095,1.146,1.587,1.878,1.808,1.753,1.944,1.276,1.567,1.492,1.982,1.855,1.982,1.630,1.974,,1.423,123,0.241,37
mh01KK-211,OLFML2B,rs2490423/rs16835127/rs2341465,3,1,161955656 161955758 161955804,148,,1.797,1.693,1.280,1.460,1.693,1.372,1.491,1.626,1.607,1.493,1.923,1.778,2.188,1.373,1.598,1.933,1.833,1.674,2.456,2.324,2.261,2.352,1.877,1.665,2.379,2.127,2.213,1.777,2.439,2.440,2.033,2.264,2.160,2.063,2.169,2.483,2.484,1.969,2.855,2.426,2.180,3.033,2.652,3.045,2.165,2.527,2.698,2.947,3.122,2.589,2.697,2.854,3.492,2.618,2.680,2.648,2.534,2.781,2.623,1.917,2.173,2.020,2.315,1.659,1.733,2.444,2.945,2.288,1.273,1.611,2.372,2.857,1.699,2.922,2.561,2.468,2.988,1.946,2.714,2.929,2.067,1.493,2.044,,2.221,75,0.241,38
mh18KK-285,HRH4,rs16940823/rs17187688/rs17187695/rs1945150,4,18,22137319 22137396 22137412 22137454,135,,2.582,1.651,1.855,2.067,2.274,3.141,2.698,2.594,2.141,2.613,3.025,2.694,3.216,2.347,2.941,2.641,2.414,2.712,3.366,2.740,2.406,2.688,1.622,2.881,2.514,3.713,2.687,3.110,2.564,3.443,2.699,2.940,3.105,2.504,3.111,2.625,2.568,2.677,2.905,3.054,2.406,2.900,2.290,3.030,2.435,2.622,2.048,2.790,2.893,3.354,3.523,2.234,2.269,2.682,2.286,2.863,2.863,2.181,2.576,2.620,2.389,2.976,2.589,2.558,2.727,2.848,1.588,1.627,1.936,2.543,3.138,2.168,1.657,2.515,3.454,3.037,3.486,3.646,2.501,2.867,2.685,1.532,2.462,,2.642,47,0.240,39
mh05KK-062,PAPD7,rs870348/rs870347,2,5,6845017 6845035,18,,1.908,1.139,1.684,1.605,1.624,1.486,1.630,1.380,1.592,1.788,1.490,1.512,1.358,1.459,1.423,1.791,1.945,1.675,1.661,1.963,1.867,2.091,1.681,2.528,2.005,2.319,2.122,2.224,2.270,2.571,2.219,2.283,2.358,1.996,2.309,2.267,2.111,2.240,2.352,2.417,2.172,2.435,2.401,2.773,2.504,2.309,2.272,2.770,2.524,2.486,2.385,2.866,2.902,2.859,2.572,2.601,2.348,2.501,2.662,2.867,2.934,2.763,2.577,2.589,1.908,2.719,2.219,2.654,2.038,1.784,1.650,1.791,1.480,2.196,2.905,2.525,2.780,1.087,1.605,1.716,1.395,1.048,1.118,,2.109,88,0.229,40
mh03KK-006,HCLS1,rs1919550/rs9873644,2,3,121364173 121364236,63,,1.429,1.257,1.438,1.503,1.562,1.326,1.283,1.440,1.385,1.418,1.525,1.421,1.190,1.456,1.404,1.636,1.514,1.627,1.385,1.830,2.486,1.797,1.588,1.797,1.749,2.092,1.626,1.872,1.727,1.946,2.052,2.307,2.115,1.801,1.706,1.891,1.977,1.797,1.823,1.883,2.329,1.818,1.837,2.140,1.849,2.006,1.709,2.045,1.757,2.298,1.954,2.294,2.389,2.256,2.002,1.955,1.871,1.831,1.852,1.856,2.015,1.618,2.039,1.819,1.632,2.068,1.906,2.300,2.742,1.978,2.336,1.467,1.982,1.624,2.528,2.247,2.347,1.087,1.851,2.011,1.227,1.048,1.000,,1.807,109,0.228,41
mh11KK-191,CNTN5,rs12421109/rs12289401/rs12420819/rs770566,4,11,99880163 99880224 99880282 99880352,189,,2.850,1.851,2.032,2.212,2.427,2.325,2.603,2.717,2.555,2.682,2.137,3.053,4.396,2.377,2.657,2.777,2.663,2.775,2.864,2.930,2.970,3.338,2.542,3.111,3.420,2.820,3.481,3.495,3.163,3.383,3.572,3.383,3.484,3.550,3.496,3.522,3.756,3.517,3.413,3.313,3.370,3.653,3.743,3.383,2.770,3.310,3.529,4.149,3.459,2.982,2.607,3.095,2.914,2.350,3.084,3.006,3.277,2.633,2.928,2.695,2.816,2.522,2.909,3.104,3.104,3.227,3.600,3.442,2.845,3.757,3.009,2.374,2.056,2.517,3.766,3.586,3.663,2.642,1.883,2.636,2.336,3.434,2.021,,3.010,27,0.228,42
mh04KK-017,ADH7,rs4699748/rs2584461/rs1442492,3,4,100321443 100321573 100321595,152,,3.328,2.752,2.909,2.708,3.021,2.693,2.360,2.507,2.043,2.643,2.841,2.847,3.203,2.529,2.808,2.550,3.064,2.730,2.506,2.856,3.169,3.122,3.185,2.198,2.390,3.190,2.881,2.421,2.249,3.532,2.184,3.138,2.419,2.612,3.019,2.542,3.064,2.488,2.319,2.365,2.667,2.546,2.546,2.675,2.882,2.606,2.703,2.357,2.626,3.789,3.457,1.872,1.436,1.611,2.216,2.184,2.204,2.532,2.094,2.654,2.500,2.771,2.776,2.338,2.743,2.305,2.842,3.229,3.016,2.484,2.970,2.329,2.965,2.505,3.175,2.697,3.024,2.909,1.844,2.130,2.292,2.966,1.869,,2.647,44,0.221,43
mh09KK-034,TYRP1,rs1408800/rs1408801,2,9,12672275 12672320,45,,2.820,2.798,2.844,2.168,2.267,2.333,2.299,1.985,2.394,2.412,2.585,2.930,2.730,2.144,2.765,2.623,2.512,2.476,2.713,1.982,2.922,2.814,2.690,2.183,2.225,1.926,2.216,2.003,2.207,1.890,2.240,2.057,2.071,1.960,1.933,2.024,1.899,2.083,2.005,1.954,2.231,2.970,2.965,2.715,2.435,2.649,2.612,2.618,2.028,2.515,1.867,1.439,1.497,1.347,1.611,1.611,1.407,1.243,1.521,1.714,1.552,1.657,1.464,2.335,2.209,2.547,2.219,1.592,1.482,1.563,1.560,1.487,1.122,2.014,2.610,2.661,2.765,1.087,1.385,1.652,2.016,1.495,1.382,,2.120,85,0.219,44
mh13KK-223,COL4A1,rs1192204/rs1192205/rs3825483/rs3825481,4,13,110806699 110806742 110806759 110806852,153,,2.817,1.610,2.246,2.979,3.152,2.639,2.977,2.917,3.028,3.167,3.073,2.410,2.558,2.553,2.851,3.026,3.315,3.021,3.525,4.005,3.913,4.632,3.233,4.426,4.644,3.605,4.151,4.380,4.243,2.463,4.125,4.072,2.858,4.145,3.946,3.887,3.942,4.125,3.979,3.685,3.452,4.732,4.025,4.489,5.452,4.462,4.604,4.668,3.969,3.357,4.039,4.872,5.310,4.808,4.466,4.914,4.890,4.703,5.147,5.184,5.165,5.021,5.166,3.142,3.691,4.566,2.382,3.246,1.707,3.040,4.510,3.794,3.119,4.422,4.600,4.604,4.234,3.967,4.588,4.435,2.837,2.625,2.476,,3.798,14,0.218,45
mh21KK-320,LINC00111,rs2838081/rs2838082/rs78902658/rs2838083,4,21,43062859 43062929 43063018 43063044,185,,5.497,4.481,3.765,4.960,4.938,4.935,5.193,5.058,5.312,3.881,4.907,4.762,6.029,5.126,4.731,5.271,5.157,5.065,4.544,4.520,6.323,5.768,4.206,5.974,5.824,4.921,5.174,5.747,6.100,4.661,5.675,4.358,4.502,5.151,5.217,4.538,5.118,5.441,3.828,5.003,4.885,5.618,4.960,4.245,3.634,4.816,5.089,4.892,3.524,3.633,5.675,5.530,5.050,5.354,5.059,4.809,4.234,4.422,4.120,4.378,4.652,4.920,5.050,4.446,2.698,3.270,3.682,4.655,3.248,2.402,4.036,2.992,1.930,3.220,4.733,5.714,5.738,3.227,3.495,3.634,3.013,2.249,2.818,,4.595,4,0.217,46
mh11KK-037,PDE2A,rs341065/rs10898849/rs395447,3,11,72269214 72269302 72269347,133,,1.581,2.928,1.939,1.739,2.132,1.681,1.605,1.941,1.867,1.797,2.447,2.136,2.000,2.248,2.184,2.243,2.243,1.773,3.151,1.723,2.308,2.027,1.724,2.327,2.349,2.837,2.151,2.107,2.641,2.013,2.235,2.057,2.028,1.995,2.093,1.859,2.221,1.823,2.244,2.216,1.623,2.592,2.890,2.826,1.931,2.944,2.805,2.900,2.977,1.740,2.614,2.489,2.298,2.579,2.427,2.765,2.545,2.618,2.823,2.197,2.486,2.262,2.554,2.173,2.309,1.984,1.742,1.525,1.252,2.008,2.514,1.806,1.275,1.793,2.669,2.787,2.356,1.684,1.582,1.799,2.354,1.308,1.188,,2.176,81,0.217,47
mh12KK-045,PAH,rs2133298/rs3817446,2,12,103260634 103260819,185,,2.009,1.404,2.000,1.974,1.911,1.952,1.980,1.882,1.822,1.968,2.185,1.882,2.180,1.635,1.633,2.048,2.251,2.004,2.532,2.830,2.667,3.054,2.985,2.906,2.530,2.955,2.854,2.857,2.959,2.749,2.858,2.768,3.049,2.930,2.899,2.752,2.682,2.800,2.312,2.568,2.705,2.956,2.767,2.492,2.840,2.698,2.639,2.836,2.979,2.251,2.493,2.174,1.750,1.527,1.554,1.654,1.746,1.814,1.642,1.552,1.851,2.107,1.826,1.624,1.768,2.262,2.571,2.825,1.782,3.195,2.934,1.545,1.469,2.045,2.570,2.520,2.768,2.165,1.893,2.312,2.354,2.127,2.830,,2.321,68,0.217,48
mh20KK-307,KIF16B,rs6044080/rs17674942/rs6044081/rs16997830,4,20,16513260 16513316 16513342 16513400,140,,1.684,1.608,2.510,2.178,2.036,2.077,2.253,2.624,2.099,2.205,2.397,2.215,2.996,2.118,2.230,2.334,2.599,2.268,2.278,3.699,4.126,3.939,2.070,4.412,3.636,3.149,4.109,4.203,4.116,4.000,3.994,3.895,5.037,3.718,4.005,3.784,3.839,3.633,2.852,3.516,3.443,4.590,4.955,4.725,3.885,4.732,5.059,4.634,3.524,3.974,4.163,3.962,4.220,4.084,3.805,3.936,3.960,3.815,3.897,4.288,3.306,3.726,4.159,2.521,4.194,3.507,2.793,2.854,1.342,1.462,3.208,4.210,3.436,3.415,4.264,3.906,4.353,2.909,3.303,3.921,4.165,2.139,2.903,,3.399,22,0.215,49
mh11KK-040,ANKK1,rs4938013/rs11214596,2,11,113264470 113264511,41,,1.470,1.712,1.280,1.429,1.338,1.525,1.612,1.514,1.522,1.545,1.566,1.520,2.016,1.280,1.541,2.060,1.787,1.763,2.653,2.997,2.830,2.541,2.314,2.374,1.846,2.355,2.295,2.242,2.742,2.973,2.172,2.782,2.496,2.544,2.624,2.447,2.380,2.342,2.800,2.661,2.828,2.811,2.993,2.853,1.950,2.705,2.923,2.900,2.689,2.723,1.821,2.228,2.126,2.302,2.158,2.207,2.219,2.203,2.249,2.209,2.352,2.327,1.994,1.985,1.553,2.000,2.571,2.421,2.118,2.652,1.538,1.663,1.500,1.715,2.657,2.902,2.987,1.649,1.865,2.501,2.020,1.948,1.817,,2.189,79,0.215,50
mh03KK-008,LRRC2,rs6808142/rs17030627,2,3,46556835 46556948,113,,1.285,1.143,1.438,1.662,1.809,1.743,1.581,1.625,1.672,1.626,1.599,1.615,1.547,1.700,1.589,2.072,2.155,1.976,2.913,2.988,2.922,2.936,1.937,2.762,2.681,2.282,2.630,2.631,2.591,2.861,2.374,1.971,2.808,2.775,2.588,2.384,2.718,2.885,2.447,2.395,2.722,2.819,2.771,2.643,1.815,2.671,2.759,2.839,2.133,2.093,1.979,2.029,2.040,2.117,2.138,2.077,2.029,2.085,2.007,2.207,2.206,2.240,2.612,2.043,1.866,1.600,1.906,1.973,1.365,1.091,2.226,2.165,2.478,2.547,2.689,2.830,2.933,2.504,2.156,2.521,2.250,1.615,1.994,,2.206,77,0.215,51
mh06KK-025,SERPINB6,rs318453/rs9501899/rs11242810,3,6,2937200 2937224 2937347,147,,2.776,2.553,2.085,2.052,1.807,2.164,2.143,2.291,2.452,1.895,1.840,2.909,2.077,2.536,2.323,2.457,2.315,2.248,3.620,2.975,3.350,3.269,2.527,3.048,3.117,3.415,3.259,3.290,2.900,3.199,3.149,3.302,3.457,3.399,3.255,3.415,3.454,3.153,2.968,3.150,2.788,2.715,2.716,2.798,2.864,2.701,2.733,2.678,3.160,2.704,1.918,2.637,2.659,2.759,2.179,2.428,2.709,1.803,2.753,1.999,2.490,2.347,2.942,2.549,1.790,2.305,3.447,2.844,2.765,1.783,1.712,1.625,1.768,1.664,2.359,3.270,2.892,1.492,2.021,1.702,1.491,1.046,1.038,,2.562,50,0.209,52
mh13KK-213,SGCG,rs8181845/rs679482/rs9510616,3,13,23765541 23765635 23765681,140,,4.747,4.535,3.122,3.985,3.726,3.910,4.938,4.199,4.593,3.680,4.564,4.233,3.884,4.232,3.671,3.962,3.634,4.398,2.321,3.236,2.261,2.949,1.551,3.249,2.948,2.449,3.236,2.846,3.218,4.372,3.721,3.668,3.959,3.567,3.607,3.513,4.015,3.925,3.297,3.697,3.741,4.190,4.016,4.110,4.881,3.820,3.468,4.138,2.744,3.216,3.685,4.153,4.046,4.094,3.995,4.039,3.689,3.713,3.917,3.808,3.800,3.668,2.830,3.813,3.974,2.282,3.600,4.178,2.185,2.727,3.493,3.396,3.385,4.425,3.662,3.604,3.648,3.273,3.984,4.218,4.406,2.298,2.569,,3.645,18,0.209,53
mh09KK-152,FRMD3,rs10867949/rs4282648/rs10780576/rs7046769,4,9,85808649 85808708 85808730 85808790,141,,3.223,3.475,3.657,4.456,4.135,3.812,3.888,3.953,3.941,3.762,4.083,3.922,4.432,3.905,4.135,3.829,3.684,4.059,3.776,2.196,2.866,1.867,3.094,2.327,2.257,1.663,1.906,1.863,2.292,2.770,2.124,2.222,2.861,2.212,2.299,1.918,1.959,1.846,2.494,2.640,3.494,3.096,3.419,3.226,2.840,3.493,3.498,3.682,3.138,2.717,2.788,2.736,2.748,2.562,2.935,3.085,3.079,3.350,3.027,3.272,2.781,2.932,2.803,3.303,3.136,2.602,2.246,2.798,2.547,2.426,2.765,2.634,2.151,2.584,2.442,2.390,2.348,2.880,1.940,2.551,2.586,2.172,2.172,,2.930,33,0.204,54
mh14KK-048,C14ORF43,rs12717560/rs12878166,2,14,74250557 74250715,158,,2.060,2.309,2.178,2.098,2.152,2.150,2.014,2.240,2.010,1.910,2.258,2.062,1.663,2.332,2.248,2.286,2.499,2.321,2.401,2.445,3.191,2.932,3.070,3.415,3.022,3.108,3.009,3.112,3.061,3.469,2.916,2.605,2.582,2.733,3.163,2.667,3.171,3.215,2.698,2.956,3.167,3.056,3.160,3.163,3.596,2.769,2.876,2.843,3.229,3.557,2.729,1.806,2.185,2.216,2.005,2.174,2.385,2.257,2.125,2.504,2.691,2.762,2.969,1.807,2.722,2.817,2.571,2.555,2.451,2.432,2.924,3.136,3.190,3.270,3.895,2.958,3.588,3.470,3.073,3.619,2.974,1.985,3.197,,2.706,40,0.202,55
mh15KK-066,MYO5C,rs1063902/rs4219,2,15,52484950 52485024,74,,3.231,3.100,3.122,3.654,3.402,3.822,3.373,3.585,3.308,3.731,3.852,3.865,3.743,3.774,3.727,3.286,3.330,3.404,2.886,2.023,2.778,1.929,2.905,1.845,2.026,1.556,1.955,2.000,2.602,2.077,1.961,2.199,1.864,1.933,1.718,1.768,1.831,1.952,1.704,2.252,1.993,3.610,3.052,3.571,2.178,3.554,3.775,3.671,3.503,2.823,3.087,2.668,2.739,3.120,2.851,3.138,3.151,2.572,2.434,2.917,3.150,3.031,3.327,3.056,1.384,2.200,2.656,3.365,2.501,2.455,2.478,2.187,2.126,2.156,2.913,2.313,2.781,2.380,2.288,3.158,2.743,3.642,1.826,,2.766,37,0.201,56
mh02KK-102,EDAR,rs2169812/rs6542783/rs2378217,3,2,109514056 109514105 109514192,136,,2.999,2.950,2.909,2.966,3.012,2.948,2.883,3.008,2.929,2.801,3.069,2.477,2.742,2.772,3.062,2.908,2.960,2.928,2.822,1.204,1.415,1.407,1.827,1.366,1.379,1.422,1.491,1.550,1.377,1.338,1.437,1.303,1.378,1.422,1.295,1.309,1.341,1.557,1.153,1.276,1.273,1.798,1.832,1.312,1.074,1.441,1.631,1.445,1.197,1.280,1.088,1.019,1.136,1.222,1.020,1.039,1.017,1.000,1.000,1.044,1.085,1.110,1.087,1.000,1.000,1.361,1.246,1.061,1.365,1.141,1.000,1.000,1.000,1.021,1.314,1.506,1.375,1.308,1.046,1.258,1.000,1.495,1.000,,1.639,116,0.199,57
mh13KK-225,D13S1320,rs4884651/rs9529023/rs7329287,3,13,66712732 66712790 66712828,96,,3.998,3.303,6.125,3.299,3.731,3.627,3.730,4.031,5.218,5.176,4.135,3.465,4.172,4.167,3.419,4.475,3.886,3.835,3.923,3.682,3.879,3.369,3.236,3.503,5.780,4.989,3.721,3.832,2.766,3.225,4.326,3.613,4.602,5.125,3.913,3.924,3.852,3.831,4.000,3.466,3.380,3.616,2.692,3.056,2.793,3.292,3.402,3.308,3.322,3.556,3.772,3.556,3.158,3.219,3.642,3.256,3.361,3.504,3.187,2.879,3.403,3.256,2.796,4.006,2.837,4.878,1.246,2.453,2.847,3.875,1.751,1.912,1.668,2.030,2.780,3.713,3.207,2.133,1.451,2.029,2.001,2.220,1.606,,3.451,20,0.196,58
mh01KK-210,EPHB2,rs2165332/rs7536195,2,1,23142351 23142496,145,,1.175,1.112,1.684,2.159,1.581,1.709,1.922,1.921,1.655,2.175,1.661,1.810,2.072,2.057,1.841,2.180,1.953,1.792,2.186,2.012,2.381,1.899,2.043,1.868,1.936,2.146,1.737,1.882,1.962,2.292,1.734,1.575,1.687,1.640,1.744,2.044,2.128,1.651,1.936,1.729,2.580,2.536,2.567,2.529,2.596,2.303,2.538,2.653,2.639,2.450,2.114,2.412,2.069,2.032,2.326,2.516,2.553,2.418,2.430,2.857,2.967,2.869,2.992,2.106,2.707,3.175,1.670,1.889,1.564,2.256,2.479,2.050,2.717,2.954,2.488,2.172,2.746,2.667,2.714,2.459,1.923,1.639,2.519,,2.163,83,0.195,59
mh04KK-074,CLOCK,rs11932595/rs17085763,2,4,56323597 56323693,96,,3.497,2.712,2.723,3.212,2.812,2.961,2.824,2.977,3.030,3.063,2.971,3.376,3.358,3.274,3.146,3.154,3.048,3.292,2.232,2.095,2.174,1.813,1.899,1.987,1.872,2.147,2.098,2.045,2.084,2.096,2.159,2.118,2.009,2.263,2.173,2.142,2.097,2.264,1.943,2.211,2.177,2.106,2.120,2.074,1.990,2.028,2.055,2.074,1.778,1.712,1.600,1.314,1.267,1.438,1.145,1.153,1.111,1.105,1.166,1.239,1.163,1.416,1.280,1.220,1.102,1.471,1.588,1.271,1.324,1.348,1.693,1.878,1.734,1.319,2.002,2.235,2.113,1.180,1.308,1.402,1.333,1.024,1.827,,2.027,94,0.195,60
mh11KK-091,DRD2-NCAM,rs1799732/rs1799978,2,11,113346252 113346351,99,,3.065,2.991,1.684,2.583,2.369,2.106,2.160,1.894,1.943,2.611,2.846,2.417,2.825,2.505,2.447,2.567,2.529,2.276,2.269,1.642,1.712,1.202,1.000,1.449,1.445,2.246,1.283,1.187,1.310,1.409,1.341,1.683,1.367,1.449,1.378,1.539,1.453,1.363,1.382,1.396,1.486,1.524,1.363,1.852,1.906,1.566,1.648,1.509,2.000,1.691,1.389,2.223,1.807,1.993,2.101,1.733,1.914,1.784,1.849,1.849,1.859,2.179,2.269,2.331,2.037,1.946,2.282,1.459,3.514,2.665,1.806,1.775,2.314,1.684,1.739,1.441,1.610,3.143,1.754,1.758,1.720,2.158,1.798,,1.913,102,0.193,61
mh14KK-068,OR5AU1,rs1887063/rs1887064,2,14,21625242 21625262,20,,2.351,1.813,1.753,2.453,2.320,2.360,2.495,2.320,2.348,2.482,2.765,2.867,1.772,2.518,2.752,2.699,2.670,2.701,2.658,2.749,2.970,2.139,1.369,2.399,2.037,2.449,2.546,2.182,2.417,2.617,2.342,2.486,2.517,2.476,2.184,2.313,2.472,2.675,2.750,2.752,2.498,2.584,2.607,2.359,2.096,2.570,2.527,2.523,1.841,2.593,2.108,2.111,2.164,2.181,2.316,2.311,1.932,2.249,2.317,2.190,2.286,2.196,2.466,2.034,1.972,2.142,2.571,2.569,2.142,2.713,1.274,1.699,1.558,1.502,2.099,2.813,2.676,1.180,1.202,1.424,1.166,1.000,1.270,,2.253,73,0.189,62
mh02KK-136,COL4A3,rs6714835/rs6756898/rs12617010,3,2,228092389 228092406 228092459,70,,3.902,4.396,3.368,4.324,3.592,4.410,3.790,4.590,4.192,4.422,5.048,4.813,4.402,4.867,4.522,5.224,4.870,4.679,4.089,4.144,4.170,4.016,2.462,4.681,4.596,4.627,4.259,4.188,5.054,4.031,4.481,4.609,4.505,3.665,3.946,4.129,4.435,3.929,4.306,4.675,4.236,3.889,3.251,2.699,2.914,3.805,3.043,3.263,3.482,3.775,3.054,4.351,4.038,4.323,3.998,3.976,3.586,4.157,3.181,3.358,3.337,3.199,2.947,3.410,2.776,1.227,3.600,3.582,3.174,3.255,3.855,1.821,2.885,2.219,3.871,4.233,4.625,2.000,2.180,2.853,1.941,1.619,1.020,,3.740,16,0.188,63
mh11KK-041,DRD2,rs6277/rs6275,2,11,113283459 113283477,18,,1.396,1.627,1.753,1.962,2.137,1.785,1.814,1.860,1.640,1.934,1.973,1.629,1.555,1.677,1.625,2.076,2.509,1.924,1.818,2.132,2.667,2.405,1.892,2.202,1.916,2.269,2.281,2.258,2.360,2.847,2.271,2.794,2.497,2.536,2.509,2.468,2.401,2.307,2.792,2.582,2.305,2.893,2.901,2.908,2.331,2.997,2.830,2.900,2.934,2.577,1.939,2.260,2.202,2.261,2.144,2.142,2.140,2.276,2.255,2.215,2.298,2.331,2.159,1.972,1.960,1.984,2.656,2.283,1.615,2.315,1.621,1.868,1.575,1.793,2.941,2.748,2.602,1.882,2.068,2.572,2.405,2.000,1.929,,2.218,76,0.187,64
mh21KK-315,D21S1263,rs8126597/rs8131148/rs6517971,3,21,21880086 21880191 21880231,145,,4.778,3.968,3.556,3.732,3.817,4.089,4.103,4.228,3.416,4.211,4.225,4.149,4.533,3.830,3.781,4.525,3.860,4.446,4.104,3.253,4.447,3.714,4.062,3.546,2.719,2.894,3.270,3.726,4.080,4.250,4.095,3.553,4.133,3.627,4.431,3.323,3.839,3.983,4.423,4.821,3.589,4.671,4.676,4.932,4.024,4.842,4.966,4.578,3.969,4.575,5.020,3.982,4.236,4.705,4.070,4.300,4.668,5.064,4.167,4.701,4.811,4.973,4.800,3.874,4.125,5.628,3.522,4.940,3.885,3.586,2.373,3.024,2.166,3.012,3.832,4.470,3.760,3.200,2.659,3.318,2.657,2.287,1.985,,3.978,9,0.187,65
mh17KK-272,TOM1L1,rs2934897/rs7207239/rs16955257/rs7212184,4,17,52942428 52942456 52942491 52942558,130,,2.452,2.265,2.510,1.792,1.881,2.242,2.175,2.361,2.070,2.009,2.392,2.305,2.558,2.338,2.508,2.189,2.522,2.196,3.303,3.095,3.596,2.649,2.178,2.966,3.873,3.102,3.420,3.475,3.788,3.133,3.197,3.426,3.299,3.003,3.231,3.488,3.498,3.679,2.495,3.722,3.241,4.207,3.880,3.704,4.024,3.911,3.669,3.847,3.955,2.873,2.892,2.505,3.342,3.223,2.789,2.627,2.823,2.604,3.223,3.142,3.327,2.772,2.215,1.955,2.646,2.740,2.050,2.589,1.738,2.899,2.511,2.847,2.785,2.228,3.253,2.789,3.078,1.684,2.758,3.337,2.253,2.821,3.294,,2.885,34,0.184,66
mh10KK-085,CYP2C8,rs11572076/rs2275622,2,10,96827150 96827178,28,,1.312,1.529,1.471,2.463,2.241,1.933,1.911,1.842,2.366,1.753,1.769,1.802,2.020,2.785,1.729,1.812,2.155,2.053,1.743,1.979,1.508,1.662,1.385,1.832,1.734,1.455,1.673,1.688,1.893,1.747,1.800,1.971,1.923,1.715,1.800,1.873,1.920,1.937,1.958,1.852,1.449,1.976,1.845,1.557,1.640,1.821,1.736,1.833,1.940,1.997,1.911,1.983,1.999,1.999,1.997,1.998,1.978,1.960,1.927,1.912,1.889,1.827,1.882,1.969,1.364,1.766,1.976,1.810,1.046,1.403,1.461,1.335,1.322,1.268,1.976,1.935,1.957,1.087,1.308,1.445,1.313,1.198,1.019,,1.771,111,0.183,67
mh03KK-150,CPNE4,rs1225051/rs1225050/rs1225049/rs1225048,4,3,131645972 131646001 131646087 131646156,184,,3.119,2.657,2.909,3.265,3.070,2.962,2.860,2.556,2.473,2.879,3.054,3.524,3.002,3.232,3.115,3.098,3.110,3.111,3.564,3.490,3.285,3.848,2.322,3.966,3.562,3.973,3.976,3.945,3.492,3.604,3.600,3.543,3.850,3.807,3.926,3.843,3.863,3.648,3.939,3.841,2.673,3.725,3.573,3.774,2.685,3.465,3.267,3.628,3.531,3.639,3.082,3.282,3.207,3.327,3.451,3.609,3.489,3.385,3.339,3.570,3.607,3.904,3.681,3.634,2.809,2.410,2.656,2.857,2.100,2.980,2.209,1.962,2.078,1.944,3.209,3.599,3.606,1.967,2.367,2.541,2.202,2.511,1.401,,3.191,25,0.177,68
mh06KK-026,ATXN1,rs4565296/rs4431439/rs179939,3,6,16399647 16399680 16399721,74,,1.574,2.290,2.178,1.877,1.921,1.681,1.935,1.997,1.986,2.026,2.229,2.360,1.866,2.177,2.505,2.251,1.929,2.086,2.272,2.428,2.397,2.755,2.094,2.914,3.482,2.637,3.160,2.752,2.273,1.958,2.775,2.283,2.443,2.950,2.949,3.104,2.882,3.124,2.133,2.358,2.999,2.138,2.045,1.325,1.681,1.896,1.682,1.661,1.373,3.276,1.954,1.081,1.170,1.123,1.102,1.059,1.130,1.115,1.000,1.079,1.119,1.130,1.139,1.053,1.000,1.095,1.117,1.000,1.000,1.000,1.861,1.836,1.763,2.129,2.352,2.518,2.676,2.051,2.279,2.225,1.921,1.958,1.456,,1.983,96,0.177,69
mh04KK-010,NELFA,rs3135123/rs495367,2,4,1986938 1986972,34,,2.147,1.655,2.133,2.978,2.663,2.725,2.606,2.827,2.212,2.445,2.838,2.985,2.977,2.847,2.654,2.867,2.822,2.928,2.357,2.649,3.314,2.759,1.536,2.428,2.876,2.325,3.007,3.153,2.909,2.906,2.636,3.606,2.928,3.485,2.939,3.370,3.491,2.957,3.556,3.174,2.860,2.861,3.025,2.908,2.817,2.725,2.897,3.085,2.639,2.907,2.553,2.115,2.506,2.326,2.042,1.762,1.678,1.932,2.005,1.942,2.273,2.147,2.172,1.582,1.406,2.602,1.588,2.234,2.664,1.572,3.847,3.753,3.826,3.658,3.516,2.960,3.555,3.176,3.796,3.597,3.099,3.800,2.747,,2.733,38,0.174,70
mh08KK-032,GATA4,rs1390950/rs2898295,2,8,11595829 11595969,140,,2.109,1.631,2.246,2.103,2.042,2.024,2.125,2.159,1.930,2.091,1.939,1.995,2.266,2.022,2.254,2.558,2.467,2.316,2.252,2.856,2.376,2.916,1.894,2.171,2.201,2.518,2.379,2.665,2.827,2.931,2.425,2.518,2.705,2.739,2.277,2.636,2.541,2.823,2.679,2.823,2.772,2.813,2.504,2.469,1.668,2.650,2.542,2.278,2.113,2.112,1.471,2.239,1.628,1.861,1.910,1.742,1.987,1.505,1.736,1.331,1.588,1.770,1.886,2.101,2.278,3.030,1.256,1.759,1.529,2.443,2.647,2.327,1.961,2.391,2.984,2.581,2.564,1.600,3.073,2.957,2.013,1.960,1.850,,2.245,74,0.171,71
mh12KK-093,IGF1-PAH,rs11111391/rs7970874,2,12,103214848 103214903,55,,1.098,1.082,1.000,1.009,1.012,1.009,1.010,1.000,1.000,1.000,1.071,1.000,1.078,1.000,1.020,1.121,1.196,1.053,1.658,1.819,1.557,1.931,1.694,1.707,1.654,1.950,1.653,1.786,1.800,1.772,1.904,1.720,1.792,1.804,1.832,1.792,1.572,1.771,1.524,1.743,1.724,1.958,1.880,1.324,1.967,1.887,1.800,1.941,1.778,1.939,1.849,1.455,1.586,1.403,1.380,1.618,1.492,1.571,1.663,1.412,1.581,1.585,1.815,1.329,1.395,2.000,1.976,1.907,1.849,1.846,1.588,1.428,1.267,1.704,1.640,1.476,1.654,2.000,1.265,1.592,1.595,1.923,1.882,,1.556,119,0.170,72
mh20KK-058,CEBPB,rs6122890/rs6095836/rs6012881,3,20,48844260 48844293 48844365,105,,1.935,1.745,1.471,2.548,1.801,2.120,1.907,2.129,1.714,2.232,2.513,2.787,2.560,2.434,2.446,2.728,2.665,2.330,3.363,2.662,2.980,2.783,2.712,2.840,2.743,2.688,2.679,2.691,2.519,2.847,2.267,2.314,2.588,2.427,2.568,2.612,2.487,2.505,2.792,2.427,2.150,2.751,2.700,3.041,2.153,2.740,2.763,2.962,2.766,2.667,2.653,3.246,3.465,3.113,3.520,3.415,3.581,3.935,2.402,3.567,3.450,3.400,3.085,2.456,3.332,3.270,2.945,3.759,3.326,3.402,2.427,2.859,2.570,2.415,2.991,2.851,2.929,1.946,2.215,2.559,2.747,3.076,1.826,,2.699,41,0.169,73
mh22KK-061,D22S1159,rs763040/rs5764924/rs763041,3,22,44763606 44763651 44763752,146,,4.161,3.830,2.390,4.131,3.862,3.774,3.732,3.425,3.879,4.118,3.965,4.233,3.957,3.215,3.625,4.125,3.961,4.009,3.690,4.441,3.136,4.344,3.925,4.219,4.725,4.552,4.147,4.318,4.214,4.027,3.938,3.297,4.172,3.637,3.791,4.007,4.575,4.281,4.283,3.717,3.658,3.504,3.730,3.579,3.240,3.871,3.987,3.636,3.220,2.725,3.523,2.852,2.092,2.765,2.950,3.198,3.434,2.742,3.025,3.362,3.218,3.066,2.443,3.467,1.805,3.509,3.857,3.568,2.091,1.704,1.351,1.517,1.373,1.779,2.257,4.028,3.632,1.624,1.000,1.570,1.000,1.230,1.507,,3.319,24,0.169,74
mh04KK-019,D4S1649,rs17731793/rs2122136,2,4,179629091 179629221,130,,1.998,2.469,1.753,1.791,2.040,2.065,1.936,1.714,1.517,2.060,2.100,2.292,2.611,2.054,2.097,2.081,2.405,2.074,2.385,2.899,2.889,2.472,1.929,2.733,2.856,2.945,2.615,2.514,2.352,2.825,2.415,2.288,2.395,2.212,2.534,2.352,2.452,2.327,2.981,2.792,1.809,2.873,2.986,2.740,1.674,2.939,2.909,2.970,2.847,2.749,2.713,1.982,1.926,1.895,2.029,1.997,2.001,1.992,1.923,2.038,2.112,2.082,2.175,1.978,1.690,2.180,2.051,2.073,1.980,1.830,2.518,2.443,1.898,2.729,2.689,2.922,2.782,2.418,2.774,2.660,2.230,2.960,1.587,,2.325,67,0.167,75
mh10KK-101,CYP2E1,rs915907/rs915908,2,10,135346927 135346959,32,,1.700,1.797,1.280,1.542,1.365,1.444,1.372,1.440,1.255,1.226,1.367,1.361,1.503,1.374,1.373,1.321,1.494,1.371,1.790,1.983,2.261,1.720,1.385,2.000,1.550,2.378,2.044,1.847,1.740,2.096,1.779,1.449,1.944,1.757,2.080,1.831,1.982,1.844,2.251,2.050,1.653,2.532,2.435,2.305,2.435,2.736,2.645,2.636,2.427,1.749,2.083,2.876,2.541,2.688,2.600,2.630,2.559,2.405,2.679,2.380,2.740,2.725,2.076,2.331,2.356,3.457,1.976,2.494,1.482,1.970,2.985,2.112,2.020,2.561,2.867,2.288,2.934,2.602,2.288,2.683,2.686,2.864,2.114,,2.084,89,0.166,76
mh09KK-033,KANK1,rs10815466/rs9408671/rs17431629,3,9,680714 680763 680791,77,,2.541,1.607,1.969,1.975,2.236,2.145,2.235,2.087,2.131,2.287,2.597,2.216,3.415,2.245,2.554,2.551,2.622,2.520,3.065,3.190,2.522,2.964,3.513,3.447,3.245,3.076,3.300,3.033,2.808,3.432,3.214,3.396,3.334,3.402,3.266,3.359,3.022,2.642,3.475,3.512,3.492,3.273,3.103,3.056,2.504,2.561,3.003,2.653,2.711,2.909,2.393,2.944,2.772,2.785,2.983,2.993,2.814,2.797,2.891,2.952,2.947,2.894,2.829,2.753,2.595,2.847,2.418,2.762,1.227,1.883,3.758,2.697,3.234,3.191,3.628,3.321,3.689,2.182,2.541,3.632,3.017,1.954,1.499,,2.810,36,0.166,77
mh12KK-043,PRMT8,rs11613749/rs11062734/rs17780102,3,12,3708499 3708546 3708609,110,,2.438,2.595,1.852,3.020,2.922,2.961,2.860,2.805,2.802,2.965,2.847,2.332,2.462,2.504,2.656,3.029,2.946,3.071,1.864,2.322,2.333,1.657,1.720,2.160,1.839,2.147,2.486,2.427,2.170,2.190,2.309,2.294,2.384,2.693,2.421,2.292,2.326,2.505,2.089,2.195,2.181,1.853,2.375,2.074,2.435,1.953,1.821,2.021,2.028,2.678,2.330,2.406,2.171,2.314,2.327,2.500,2.536,2.529,2.390,2.455,2.488,2.318,2.181,2.541,2.938,2.689,2.314,2.333,1.995,3.196,1.492,1.908,1.979,2.106,2.477,2.588,2.594,1.674,1.464,1.963,1.352,1.925,1.519,,2.329,65,0.165,78
mh04KK-015,ADH7,rs2584457/rs12648443,2,4,100304166 100304248,82,,2.163,1.988,2.133,1.930,2.287,1.994,1.992,2.010,1.683,1.875,1.819,1.629,2.241,1.988,2.098,1.995,2.198,2.022,2.382,2.856,2.663,2.688,2.265,1.944,1.695,2.904,2.161,1.930,2.020,2.045,1.821,1.805,1.623,1.910,2.099,1.910,1.913,1.955,1.731,1.793,1.761,2.147,2.122,2.151,1.954,2.239,2.219,2.110,1.992,2.468,2.632,1.684,1.269,1.445,1.966,2.074,2.041,2.080,1.966,2.455,2.395,2.501,2.366,2.307,2.696,2.396,2.455,2.886,2.890,2.232,1.673,2.080,2.004,1.910,2.330,1.733,2.115,2.133,1.252,1.496,1.944,1.905,1.733,,2.077,91,0.160,79
mh10KK-086,CYP2C8+9,rs7909236/rs17110453,2,10,96829430 96829529,99,,1.015,1.000,1.000,1.000,1.000,1.009,1.020,1.013,1.000,1.026,1.022,1.000,1.078,1.056,1.031,1.164,1.198,1.099,1.336,1.587,1.640,1.770,2.272,2.036,2.200,1.719,2.203,1.786,2.070,1.848,2.084,2.146,2.215,2.317,1.997,1.915,2.161,2.465,2.059,2.540,1.697,2.533,2.812,2.381,2.126,2.743,2.533,2.696,2.198,1.880,2.256,2.154,2.286,2.231,2.286,2.165,2.178,2.014,2.061,2.045,1.841,1.963,1.936,1.979,1.925,1.424,1.753,2.111,1.566,2.000,2.250,2.342,1.531,2.290,2.209,1.818,2.123,2.000,2.225,2.066,2.088,1.485,1.862,,1.845,104,0.159,80
mh12KK-046,SUDS3,rs1503767/rs11068953,2,12,118889488 118889559,71,,3.558,2.685,2.612,2.822,2.783,2.908,3.096,2.783,2.416,2.945,3.150,3.376,3.379,2.962,3.011,3.286,3.479,3.149,3.185,2.587,2.941,2.288,2.338,2.168,2.025,2.395,2.356,2.380,2.326,2.384,2.358,2.439,2.910,2.320,2.405,2.456,2.239,2.263,2.607,2.199,2.687,3.146,2.068,2.416,1.986,2.735,2.821,2.805,3.729,2.803,3.494,3.411,3.663,3.723,3.257,3.645,3.682,3.757,3.603,3.940,3.789,3.694,3.545,3.199,3.924,3.390,2.844,3.007,2.000,1.869,2.974,3.272,3.044,2.859,3.049,3.497,3.112,2.526,2.146,2.485,2.292,1.303,2.190,,2.860,35,0.159,81
mh22KK-064,APOL1,rs136177/rs73885319/rs60910145/rs71785313,4,22,36661842 36661906 36662034 36662051,209,,2.039,1.797,1.280,2.616,2.006,2.359,2.600,2.758,2.971,1.969,1.633,1.953,1.291,2.232,1.740,2.197,2.229,2.362,1.789,1.490,1.557,1.670,1.352,1.517,1.324,1.291,1.449,1.677,1.480,1.508,1.527,1.581,1.375,1.541,1.502,1.593,1.473,1.410,1.298,1.372,1.504,1.452,1.356,1.600,1.600,1.372,1.372,1.360,1.410,1.561,1.286,1.202,1.287,1.476,1.405,1.532,1.399,1.419,1.250,1.385,1.594,1.440,1.280,1.451,1.438,1.424,1.670,1.448,1.252,1.189,1.093,1.040,1.237,1.062,1.261,1.557,1.302,1.000,1.198,1.086,1.047,1.000,1.000,,1.543,120,0.156,82
mh04KK-016,ADH7,rs2851017/rs2032350,2,4,100313996 100314062,66,,2.068,1.979,2.133,1.918,2.273,1.994,2.015,2.006,1.683,1.916,1.683,1.594,2.241,1.942,2.074,1.984,2.198,2.022,2.473,2.741,2.663,2.629,2.291,1.946,1.746,2.887,2.144,1.911,2.048,2.045,1.840,1.936,1.623,1.890,2.078,1.886,1.919,1.955,1.705,1.793,1.740,2.148,2.122,2.151,1.960,2.239,2.219,2.122,1.976,2.384,2.532,1.684,1.312,1.460,1.985,2.076,2.008,2.152,2.028,2.455,2.378,2.489,2.277,2.313,2.718,2.667,2.656,2.847,2.890,2.232,1.698,2.080,1.999,1.987,2.330,1.733,2.115,2.024,1.252,1.496,1.966,1.936,1.799,,2.078,90,0.155,83
mh12KK-202,D12S290,rs10506052/rs4931233/rs10506053/rs4931234,4,12,30170229 30170306 30170359 30170382,153,,2.928,2.133,2.649,3.109,3.469,3.110,3.239,3.251,3.294,3.104,3.105,3.419,3.056,3.401,2.959,3.282,3.375,3.297,3.007,3.270,3.261,3.587,2.826,3.784,2.555,3.904,3.062,2.954,2.439,2.738,3.142,2.922,3.239,3.056,2.803,3.081,2.987,2.988,2.582,2.797,3.568,3.161,3.355,3.266,2.166,3.202,3.168,3.176,2.761,3.745,3.620,3.672,3.816,3.784,3.482,3.624,2.627,3.227,3.159,3.431,3.796,3.607,3.991,3.552,3.905,3.267,3.767,2.225,1.766,1.927,2.760,1.517,1.420,2.008,2.465,2.749,3.033,1.540,1.872,2.238,1.433,2.013,1.310,,2.980,30,0.154,84
mh04KK-011,PGM2,rs6855439/rs6531591,2,4,37858890 37858954,64,,2.440,2.774,1.960,1.831,1.754,2.029,1.666,1.873,1.930,2.316,2.193,2.807,2.652,2.177,2.165,2.344,2.455,2.314,2.899,2.211,2.793,2.254,1.700,2.436,2.416,2.181,2.511,2.459,2.684,2.665,2.484,2.647,2.677,2.780,2.584,2.610,2.423,2.302,2.428,2.562,2.521,2.677,2.765,2.773,2.969,2.628,2.576,2.681,2.273,2.978,2.291,2.817,2.599,2.802,2.558,2.918,2.560,2.755,2.647,2.294,2.514,2.193,2.600,2.181,2.224,2.410,1.800,2.373,1.220,1.049,1.502,2.682,2.167,2.532,2.698,2.827,2.780,2.314,2.978,2.903,2.227,2.675,2.190,,2.416,58,0.154,85
mh03KK-007,CCR2,rs4513489/rs6441961,2,3,46352355 46352384,29,,1.016,1.207,1.753,1.231,1.270,1.397,1.667,1.443,1.415,1.470,1.506,1.637,1.948,1.574,1.552,1.789,1.785,1.627,2.362,3.037,2.632,2.981,2.783,2.643,2.492,2.246,2.520,2.772,2.760,2.347,2.156,1.754,2.405,2.652,2.582,2.356,2.599,2.371,2.447,2.465,2.478,2.941,2.980,2.965,2.376,2.984,2.954,3.000,2.460,2.593,2.462,2.789,2.853,2.917,2.972,2.885,2.935,2.989,2.662,2.740,2.816,2.930,3.139,2.704,2.148,2.667,2.219,2.481,1.766,1.044,1.945,1.900,1.568,2.314,2.347,2.318,2.367,2.268,2.118,2.122,2.790,2.201,1.447,,2.292,71,0.152,86
mh17KK-110,MMD,rs9908046/rs8075367,2,17,53563782 53563973,191,,1.342,1.686,1.684,1.399,1.603,1.524,1.471,1.882,1.551,1.517,1.738,1.280,1.746,1.369,1.375,1.768,1.332,1.413,1.358,1.358,1.301,2.270,1.146,1.615,1.712,1.795,1.923,1.738,1.623,1.680,1.575,2.071,1.975,1.857,2.045,1.945,1.831,2.135,1.782,1.911,2.000,1.279,1.319,1.407,2.432,1.327,1.452,1.535,1.736,1.414,1.554,1.385,1.332,1.245,1.259,1.303,1.445,1.419,1.649,1.578,1.480,1.548,1.139,1.136,1.024,1.095,1.742,1.940,1.095,1.000,1.684,1.000,1.133,1.064,1.710,1.643,1.578,1.000,1.046,1.127,1.156,1.000,1.000,,1.515,121,0.150,87
mh17KK-077,CRHR1,rs4074461/rs4074462,2,17,43855156 43855228,72,,2.315,1.881,2.032,2.474,2.447,2.197,1.994,1.998,2.041,1.998,2.292,1.870,2.299,2.331,2.573,2.354,2.366,2.357,2.734,2.471,2.381,2.997,2.265,2.901,2.948,2.939,2.925,2.923,2.485,2.091,2.711,2.146,2.117,2.794,2.718,2.704,2.644,2.610,1.777,2.072,1.882,1.840,1.751,1.674,1.324,1.461,1.495,1.492,1.841,1.160,1.129,1.224,1.350,1.442,1.213,1.208,1.361,1.187,1.185,1.174,1.151,1.224,1.220,1.108,1.129,1.000,1.385,1.810,1.766,1.516,1.976,1.317,1.556,1.630,2.501,2.751,2.669,1.000,2.215,1.961,1.158,1.375,1.286,,1.943,100,0.142,88
mh22KK-060,COMT,rs4818/rs4680,2,22,19951207 19951271,64,,1.594,1.525,2.844,2.581,2.076,2.523,2.325,2.427,2.594,2.185,2.611,2.787,2.303,2.128,2.333,2.840,2.596,2.593,2.406,2.430,2.796,2.827,2.279,2.402,2.385,2.364,2.415,2.325,2.115,2.560,2.391,2.181,2.431,2.199,2.391,2.281,2.427,2.164,2.612,2.268,2.560,2.584,2.824,2.964,2.642,2.903,2.869,2.835,3.032,2.822,3.096,2.922,2.682,2.965,2.993,2.912,2.759,2.497,2.553,2.896,2.901,2.597,2.803,2.184,1.580,2.659,2.462,2.425,2.986,2.923,2.443,1.442,1.770,2.272,2.886,2.769,2.977,1.424,2.000,2.524,1.531,1.768,1.912,,2.471,55,0.141,89
mh02KK-073,EPAS1,rs1374748/rs7583554,2,2,46587034 46587097,63,,2.278,2.840,2.844,2.861,2.701,2.680,2.321,2.633,2.771,2.750,2.855,3.113,2.982,2.790,2.332,2.845,2.918,2.507,2.734,2.839,2.663,2.719,1.450,2.772,2.409,2.475,2.581,2.649,2.417,2.443,2.682,2.447,2.564,2.666,2.374,2.211,2.397,2.666,2.296,2.390,2.694,2.948,2.756,2.605,2.780,2.793,2.671,2.749,2.995,2.977,2.301,1.763,1.690,1.582,1.624,1.556,1.492,1.573,1.419,1.591,1.538,1.597,1.625,1.301,1.385,2.373,1.117,1.030,1.095,1.293,1.813,1.983,1.950,2.495,2.912,2.819,2.852,2.268,2.038,2.525,2.229,1.595,2.889,,2.327,66,0.140,90
mh01KK-070,MTHFR,rs4846051/rs1801131,2,1,11854457 11854476,19,,2.562,2.276,2.032,2.411,2.471,2.440,2.524,2.503,2.703,2.481,2.318,2.046,2.817,2.369,2.570,2.409,2.614,2.612,1.956,1.893,2.113,1.959,1.616,1.712,1.397,1.839,1.691,1.775,1.800,1.800,1.675,1.502,1.719,1.753,1.789,1.816,1.741,1.710,1.745,1.766,1.313,1.946,1.947,1.923,1.237,1.991,1.878,1.993,1.962,1.771,1.841,1.480,1.523,1.413,1.531,1.360,1.258,1.546,1.521,1.768,1.639,1.724,1.843,1.882,1.690,1.198,1.246,1.710,1.308,1.734,1.508,1.169,1.096,1.127,1.481,1.713,1.363,1.095,1.259,1.224,1.843,1.962,1.018,,1.807,110,0.139,91
mh22KK-303,COMT,rs4633/rs6267/rs740602/rs76452330,4,22,19950235 19950263 19950268 19950329,94,,1.702,2.870,2.327,2.467,2.414,2.548,2.715,3.105,2.715,2.774,3.151,2.847,2.873,3.208,2.823,2.645,2.414,2.771,2.470,1.942,2.178,2.116,1.894,2.026,1.919,1.865,2.009,2.086,1.903,2.261,2.027,1.991,2.080,1.899,1.990,1.994,2.201,1.908,2.350,2.087,2.111,2.050,2.071,2.193,1.653,2.066,1.869,2.004,2.321,2.331,2.006,2.139,2.274,1.847,1.908,1.786,1.796,1.914,1.539,1.765,1.613,1.583,1.734,1.396,1.438,1.766,1.246,1.449,1.923,1.541,1.768,1.482,1.944,2.151,2.064,2.106,2.037,2.104,2.930,2.333,1.698,2.596,1.040,,2.110,87,0.137,92
mh01KK-205,IGSF21,rs11810587/rs1336130/rs1533623/rs1533622,4,1,18722692 18722713 18722801 18722846,154,,3.833,3.595,3.122,3.977,4.226,3.698,3.697,3.294,4.251,4.219,3.724,4.040,4.061,3.492,4.064,3.965,4.689,3.973,2.847,3.448,2.830,3.335,1.937,4.217,4.227,3.322,3.960,4.033,3.568,4.141,4.265,3.495,3.498,3.644,4.122,4.228,3.965,3.811,3.765,3.516,3.119,4.202,3.945,3.564,3.380,3.889,3.369,4.011,3.982,3.390,4.892,4.510,4.866,4.605,4.294,4.468,4.258,4.269,4.423,4.115,3.929,3.889,4.176,3.483,2.919,3.585,3.306,4.909,2.697,3.709,3.874,2.939,3.853,3.812,4.103,4.272,3.750,3.646,3.841,3.995,2.907,2.592,2.326,,3.785,15,0.136,93
mh11KK-039,TTC12,rs2288159/rs10891537,2,11,113211329 113211370,41,,2.074,1.949,2.333,2.173,2.280,2.179,2.204,2.319,2.040,2.136,2.340,2.322,1.959,2.158,2.245,2.500,2.657,2.447,2.921,2.861,2.947,2.619,2.971,2.502,2.296,2.817,2.469,2.478,2.768,2.985,2.435,2.916,2.496,2.680,2.719,2.512,2.517,2.497,2.813,2.651,2.974,2.914,2.941,2.870,2.659,2.595,2.937,2.840,2.681,2.693,1.638,2.187,2.113,2.178,2.157,2.176,2.112,2.006,2.355,2.147,2.285,2.276,1.981,2.098,1.395,2.000,2.418,2.362,2.490,2.488,1.551,1.793,1.424,1.682,2.465,2.861,2.975,1.862,1.630,2.430,1.860,1.925,1.588,,2.364,61,0.135,94
mh11KK-090,DRD2,rs1079598/rs1079597,2,11,113296274 113296286,12,,1.178,1.000,1.438,1.375,1.626,1.440,1.396,1.379,1.249,1.545,1.492,1.292,1.256,1.213,1.281,1.887,1.557,1.291,1.185,1.109,1.368,1.222,1.853,1.070,1.463,1.317,1.283,1.353,1.315,1.616,1.312,1.600,1.441,1.417,1.310,1.380,1.466,1.296,1.722,1.385,1.167,1.627,1.619,1.622,1.882,1.800,1.763,1.673,1.800,1.721,1.834,1.936,2.088,1.899,1.981,1.858,2.085,1.920,2.000,1.981,1.955,1.907,2.039,1.972,2.109,1.960,1.976,1.600,1.051,1.520,1.714,2.080,1.512,1.852,1.952,1.438,1.345,1.862,2.379,1.947,2.051,2.361,2.223,,1.620,117,0.135,95
mh07KK-031,ACN9,rs17168174/rs10246622,2,7,96733972 96734057,85,,1.898,2.048,2.032,2.142,2.135,2.167,2.359,2.285,2.189,2.403,1.973,2.572,2.143,2.082,2.194,2.099,2.240,2.181,1.998,1.800,1.931,1.870,1.919,1.968,1.993,1.997,1.826,1.733,1.647,1.548,1.880,1.658,1.939,1.965,1.884,1.839,1.673,1.821,1.935,1.874,1.322,1.942,2.135,1.933,1.840,2.283,2.294,2.235,2.439,1.791,2.528,2.261,2.614,2.597,2.557,2.598,2.783,2.260,2.847,2.399,2.475,2.540,2.169,2.412,2.095,2.273,2.842,2.532,2.471,2.181,2.138,1.771,2.339,2.366,2.254,2.157,2.264,1.704,2.142,2.083,2.314,1.424,1.670,,2.122,84,0.133,96
mh05KK-023,OSMR,rs617938/rs2278325/rs2278324,3,5,38881460 38881538 38881603,143,,2.631,1.301,1.684,2.262,1.785,1.519,1.624,1.593,1.617,1.585,1.474,2.122,1.853,2.577,1.517,1.915,2.489,1.839,3.287,2.486,2.459,3.019,1.261,2.659,2.832,2.646,2.666,2.867,2.515,2.947,2.767,2.825,2.561,2.910,3.169,3.021,2.828,3.129,2.642,2.550,2.573,2.673,2.688,2.470,2.435,2.689,2.776,2.674,2.964,3.334,2.077,2.128,2.097,2.065,1.941,2.207,1.922,2.051,2.415,2.385,2.327,2.881,3.216,1.574,1.447,2.469,2.945,2.782,1.713,1.743,1.879,1.923,1.992,2.060,2.427,2.619,2.423,1.800,1.936,2.045,1.629,1.999,1.946,,2.311,70,0.132,97
mh05KK-022,TAS2R1,rs41461/rs41462,2,5,9619905 9619936,31,,1.410,1.845,1.471,1.730,1.502,1.704,1.540,1.635,1.585,1.536,1.522,1.942,1.469,1.349,1.727,1.970,1.818,1.868,2.681,2.974,2.761,2.885,2.871,2.994,2.730,2.518,2.726,2.833,2.620,2.779,2.871,2.907,2.987,2.766,2.721,2.941,2.531,2.731,2.689,2.835,2.749,2.868,2.978,2.736,2.840,2.876,2.953,2.914,2.149,2.459,2.305,2.112,2.567,2.421,2.375,2.711,2.122,2.104,2.664,2.526,2.421,2.384,2.026,2.637,2.365,2.847,2.327,2.105,1.161,1.407,2.285,2.285,2.279,2.425,2.767,2.826,2.812,2.642,2.091,2.713,2.939,2.037,1.835,,2.362,62,0.132,98
mh05KK-079,TAS2R1,rs2234232/rs41469,2,5,9629723 9629813,90,,1.648,1.186,1.000,1.122,1.257,1.303,1.335,1.300,1.330,1.461,1.172,1.164,1.000,1.098,1.164,1.185,1.141,1.362,1.220,1.000,1.074,1.008,1.000,1.051,1.000,1.000,1.009,1.000,1.019,1.214,1.057,1.101,1.044,1.000,1.010,1.000,1.000,1.000,1.158,1.062,1.000,1.087,1.060,1.100,1.704,1.147,1.125,1.097,1.895,1.393,1.748,1.976,1.750,1.995,1.998,1.930,1.989,1.999,1.835,1.985,1.993,1.998,2.000,1.999,1.960,1.835,1.246,1.766,1.000,1.046,1.241,1.548,1.447,1.679,1.378,1.156,1.173,1.984,1.862,1.592,1.811,1.912,1.868,,1.380,125,0.131,99
mh02KK-005,LYPD6B,rs2170607/rs10497052,2,2,149954097 149954253,156,,1.512,1.670,1.471,2.301,2.072,1.892,2.026,2.076,2.039,2.147,1.665,2.122,2.122,1.856,1.934,2.148,2.235,2.097,2.441,2.431,2.663,2.659,2.628,2.524,2.292,1.785,2.575,2.619,2.361,2.471,2.527,2.380,2.622,2.411,2.502,2.480,2.481,2.512,2.268,2.276,2.255,2.505,2.547,2.651,2.052,2.667,2.748,2.438,2.847,2.461,2.983,2.784,2.850,2.833,2.817,2.798,2.635,2.909,2.939,2.589,2.823,2.347,2.587,2.694,1.989,2.602,2.418,2.938,2.426,1.805,2.279,2.979,2.878,2.174,2.913,2.415,2.453,2.642,2.305,2.770,1.839,2.215,1.934,,2.398,60,0.127,100
mh04KK-028,ADH,rs3762896/rs283413,2,4,100268131 100268190,59,,1.701,1.583,1.849,1.933,1.932,1.957,1.936,2.000,1.965,1.995,1.882,1.882,1.967,1.980,1.949,2.000,1.999,1.992,1.642,2.005,1.991,1.861,2.886,1.751,1.710,2.039,1.673,1.715,1.971,1.808,1.689,1.676,1.687,1.652,1.652,1.698,1.730,1.926,1.545,1.515,1.614,2.115,1.940,2.039,1.352,1.886,1.968,1.804,1.823,1.519,2.039,1.269,1.139,1.376,1.638,1.569,1.484,1.492,1.471,1.634,1.619,1.539,1.830,1.989,1.912,1.936,1.800,2.000,1.915,1.819,1.683,1.153,1.614,1.328,1.454,1.579,1.631,1.308,1.095,1.248,1.016,1.855,1.401,,1.738,113,0.126,101
mh03KK-009,DRD3,rs3732783/rs6280,2,3,113890789 113890815,26,,2.694,2.329,2.133,2.164,1.862,1.734,1.709,1.828,1.774,1.974,2.380,2.645,2.608,2.406,1.842,2.313,2.434,2.024,2.147,1.708,1.668,2.180,1.989,1.958,1.895,1.759,1.789,1.993,1.776,2.258,1.573,1.824,2.257,1.915,1.943,2.041,1.951,2.148,1.993,1.984,1.627,1.756,2.432,2.151,2.796,2.550,2.568,2.110,1.736,1.291,1.227,1.641,1.758,1.701,1.821,1.862,1.837,1.968,1.600,1.799,1.633,1.643,1.882,1.503,1.446,1.658,2.000,1.932,1.994,2.562,1.834,3.028,2.553,2.550,2.004,2.077,2.161,2.796,2.554,2.541,1.746,2.772,2.397,,2.037,93,0.121,102
mh11KK-089,DRD2-NCAM,rs1124492/rs1124493,2,11,113282275 113282295,20,,2.621,2.923,2.327,2.799,2.786,2.989,2.997,2.988,2.860,2.968,2.939,2.749,2.556,2.941,2.850,2.941,2.619,2.991,2.880,2.838,2.770,2.374,1.135,2.083,1.326,1.721,1.828,1.669,1.921,2.118,1.759,1.882,1.967,1.952,2.090,1.840,1.919,1.988,2.155,2.011,2.558,2.388,2.189,1.613,1.986,2.030,2.497,2.371,2.074,2.391,1.829,2.347,1.996,2.052,2.218,2.130,2.294,2.246,2.135,2.229,2.324,2.365,2.723,1.904,2.426,2.198,1.906,2.553,2.118,2.924,1.424,1.886,1.472,1.781,1.857,2.087,2.528,1.986,2.012,2.236,2.013,1.960,1.902,,2.256,72,0.119,103
mh11KK-038,NCAM1,rs2303377/rs2303378,2,11,113111501 113111665,164,,1.580,2.158,2.169,1.754,1.436,1.581,1.953,1.814,1.570,2.252,1.864,1.681,2.360,2.533,2.344,1.903,2.128,1.792,2.425,2.862,2.970,2.933,2.401,2.999,2.714,2.465,2.960,2.929,2.658,2.282,2.996,2.261,2.489,2.958,2.949,2.977,2.982,2.988,2.782,2.592,2.560,2.860,2.402,2.632,2.861,2.385,2.135,2.293,2.820,1.839,1.404,2.108,1.867,2.013,2.084,2.329,1.958,2.058,2.093,2.448,2.385,2.245,2.072,2.014,1.817,2.469,2.793,2.234,2.930,2.689,2.223,1.703,1.739,1.738,2.401,2.851,2.784,2.268,2.156,2.460,2.000,1.877,2.129,,2.320,69,0.119,104
mh10KK-088,CYP2E,rs55897648/rs2515641,2,10,135351264 135351362,98,,1.973,1.988,2.000,1.860,1.696,1.898,1.811,1.757,1.882,1.742,1.557,1.782,1.853,1.557,1.594,1.980,1.957,1.822,1.822,1.600,1.690,1.351,1.484,1.347,1.336,1.338,1.318,1.389,1.385,1.265,1.340,1.271,1.260,1.304,1.321,1.232,1.130,1.192,1.298,1.186,1.431,1.385,1.331,1.471,1.827,1.410,1.410,1.404,1.061,1.062,1.169,1.291,1.332,1.476,1.455,1.409,1.511,1.292,1.663,1.701,1.398,1.425,1.471,1.568,1.303,1.541,1.133,1.410,1.208,1.000,1.564,1.286,1.130,1.224,1.358,1.716,1.273,1.280,1.095,1.276,1.333,1.024,1.095,,1.455,122,0.119,105
mh06KK-080,DTNBP1,rs2056942/rs2056941,2,6,15542298 15542383,85,,1.342,1.240,2.513,1.740,1.573,1.439,1.534,1.696,1.360,1.797,1.175,1.238,1.027,1.316,1.296,1.528,1.575,1.396,1.142,1.660,1.280,1.424,1.562,1.659,1.619,1.240,1.715,1.522,1.342,1.396,1.570,1.514,1.503,1.465,1.554,1.676,1.793,1.613,1.330,1.258,1.760,1.180,1.213,1.843,1.704,1.227,1.192,1.110,1.142,1.342,1.087,1.021,1.000,1.000,1.000,1.000,1.043,1.000,1.053,1.000,1.000,1.000,1.041,1.000,1.000,1.000,1.000,1.000,1.000,1.046,1.020,1.042,1.053,1.069,1.266,1.442,1.460,1.000,1.000,1.099,1.000,1.000,1.043,,1.303,127,0.116,106
mh17KK-052,ARHGAP27,rs1059504/rs8327,2,17,43472321 43472507,186,,2.296,2.483,2.000,1.956,1.630,2.002,2.107,1.960,1.875,2.018,2.014,1.778,1.964,1.927,2.146,2.314,2.539,2.135,2.147,2.492,2.663,3.348,2.362,2.888,2.620,2.160,2.938,3.078,2.998,3.459,3.102,3.310,3.483,3.030,3.192,2.956,2.793,3.224,3.435,3.433,2.588,3.172,3.019,3.010,3.469,3.037,3.138,2.971,2.995,2.665,2.848,2.842,2.666,2.905,2.771,2.960,2.897,2.863,2.901,2.944,2.658,2.993,3.040,2.505,2.338,2.951,2.945,2.716,2.180,2.742,2.747,2.063,2.585,2.836,2.822,2.572,3.004,2.341,2.195,2.807,1.997,2.564,1.269,,2.648,43,0.115,108
mh17KK-105,MAPT,rs1052553/rs17652121/rs11568305,3,17,44073889 44073973 44074018,129,,1.179,1.170,1.000,1.027,1.061,1.088,1.119,1.094,1.135,1.080,1.147,1.232,2.338,1.470,1.176,1.252,1.308,1.186,1.763,1.607,1.765,2.193,1.899,1.746,2.159,2.652,1.896,2.120,1.611,1.250,1.831,1.253,1.307,1.824,1.676,1.679,1.482,1.438,1.173,1.306,1.068,1.318,1.253,1.869,1.000,1.149,1.138,1.138,1.438,1.044,1.045,1.081,1.072,1.039,1.020,1.029,1.018,1.020,1.027,1.055,1.031,1.078,1.000,1.000,1.000,1.000,1.000,1.000,1.046,1.000,1.038,1.000,1.059,1.189,1.449,1.768,1.588,1.000,1.174,1.166,1.000,1.024,1.000,,1.303,126,0.115,109
mh04KK-021,FAT1,rs1280100/rs1280099,2,4,187538133 187538330,197,,2.364,1.951,1.753,2.139,2.289,2.321,2.349,2.383,2.462,2.314,2.295,1.956,1.642,2.505,2.362,2.463,2.913,2.390,2.233,2.498,2.882,2.445,2.195,2.515,2.595,2.153,2.326,2.446,2.655,2.534,2.592,2.288,2.392,2.339,2.554,2.577,2.521,2.701,2.743,2.403,1.992,2.082,1.999,2.100,2.000,2.119,2.038,2.230,2.303,2.214,2.231,2.941,2.893,2.969,2.972,2.893,2.860,2.893,2.722,2.606,2.982,2.753,2.988,2.329,2.647,2.597,2.656,2.916,2.595,2.478,2.957,2.688,2.290,2.382,2.735,2.378,2.830,1.986,2.541,2.746,2.457,1.330,1.641,,2.439,56,0.111,110
mh19KK-056,PLIN3,rs1055919/rs2271057,2,19,4852137 4852337,200,,2.091,2.373,2.667,2.374,2.072,2.360,2.523,2.394,2.340,2.558,2.618,2.337,2.274,2.520,2.614,2.284,2.444,2.384,2.273,3.071,2.820,2.725,2.115,2.582,2.341,2.941,2.505,2.325,2.802,2.641,2.499,2.589,2.684,2.533,2.352,2.548,2.458,2.725,2.839,2.784,2.915,2.628,2.557,2.643,1.931,2.613,2.569,2.560,2.752,2.989,2.407,2.122,1.792,1.965,2.130,2.058,2.048,2.060,2.096,1.981,2.028,2.250,2.504,2.114,1.856,2.062,1.117,2.042,2.021,1.416,2.883,2.939,2.470,2.918,2.958,2.515,2.360,1.767,2.942,2.970,2.507,2.333,2.685,,2.420,57,0.107,111
mh17KK-054,GNGT2,rs2233362/rs634370,2,17,47287067 47287109,42,,2.556,1.747,2.246,2.941,2.718,2.490,2.865,2.406,2.708,2.483,2.331,2.854,3.045,2.306,2.626,2.802,2.693,2.704,2.781,2.647,2.261,2.790,2.413,2.939,2.351,2.129,2.751,2.667,2.387,2.852,2.565,2.889,2.402,2.671,2.449,2.649,2.552,2.407,2.847,2.820,2.959,2.884,2.559,2.778,2.820,2.799,2.546,2.806,2.752,2.871,2.841,2.619,2.821,2.815,2.778,2.632,2.232,2.772,2.028,2.658,2.697,2.398,2.489,2.048,2.109,1.600,1.906,2.416,1.809,1.948,2.941,2.572,1.762,2.371,2.967,2.956,2.784,2.072,2.855,2.927,2.882,1.720,2.609,,2.561,51,0.106,112
mh02KK-202,D2S253,rs13422174/rs12464185,2,2,107648173 107648312,139,,2.175,2.642,1.782,2.620,2.427,2.494,2.199,2.308,2.518,2.388,2.489,2.235,2.235,2.364,2.434,2.426,2.564,2.176,2.152,1.867,1.510,1.823,1.456,1.724,1.354,1.640,1.802,1.697,1.559,1.840,1.831,1.679,1.975,1.834,1.538,1.683,1.779,1.778,1.829,1.967,1.810,1.910,2.045,2.020,1.827,2.117,2.006,2.178,1.841,1.849,1.987,1.967,1.992,1.964,1.953,1.897,1.952,1.972,1.835,1.949,1.874,1.736,1.816,1.987,1.941,1.835,1.670,1.719,1.783,1.416,2.066,1.952,1.652,2.129,2.098,1.772,1.838,2.000,1.766,2.015,1.954,1.972,1.985,,1.962,99,0.102,113
mh19KK-057,SIGLEC14,rs17717333/rs12462026/rs7250849,3,19,52158202 52158279 52158316,114,,2.400,1.513,2.327,2.242,1.946,2.091,2.238,2.211,1.957,2.242,1.769,1.774,2.867,2.486,2.100,2.293,2.579,2.136,2.890,2.522,1.613,1.930,1.934,2.785,2.072,2.471,2.602,3.051,2.417,2.649,2.621,2.645,2.729,2.457,2.786,2.688,2.459,2.795,2.658,2.516,2.262,2.642,2.528,2.539,2.667,2.762,2.550,2.378,2.014,1.946,1.633,1.725,2.004,1.912,2.010,1.943,1.993,1.791,2.000,2.074,2.037,1.770,1.866,2.410,1.807,1.835,1.906,2.232,1.508,1.596,1.520,1.637,1.506,2.080,2.049,2.349,2.325,1.882,1.967,1.921,1.983,1.783,2.140,,2.192,78,0.096,114
mh11KK-036,OR52S1P1,rs10500616/rs2499936,2,11,5109946 5110068,122,,2.909,3.056,1.471,2.859,2.296,2.397,2.355,2.459,2.428,2.485,2.364,2.831,2.062,1.934,1.893,2.513,2.452,2.134,2.219,2.219,1.894,2.358,2.565,2.840,2.869,2.576,2.695,2.675,2.847,2.960,2.748,2.923,2.749,2.789,2.804,2.578,2.831,2.766,2.908,2.782,2.526,2.716,2.494,2.406,2.347,2.491,2.648,2.672,2.714,2.882,2.953,2.849,2.796,2.833,2.912,2.691,2.877,2.290,2.606,2.418,2.794,2.503,2.806,2.067,1.376,1.600,2.656,2.467,2.790,2.237,2.520,2.737,2.900,2.916,2.872,2.601,2.784,2.743,2.907,2.960,2.468,2.240,2.324,,2.565,49,0.096,115
mh10KK-083,CYP2C19,rs11568732/rs12248560,2,10,96521574 96521657,83,,1.374,1.213,1.815,1.692,1.917,1.851,1.971,2.049,1.970,1.569,2.367,1.578,1.895,1.926,1.679,1.735,1.671,2.082,1.438,1.736,2.195,1.721,1.426,1.823,1.451,1.731,1.817,1.867,1.999,2.254,1.723,1.967,1.755,1.894,1.783,1.845,1.628,1.599,1.734,1.686,2.232,1.739,1.763,1.576,2.195,1.683,1.683,1.683,1.556,1.977,1.252,1.314,1.546,1.282,1.254,1.222,1.213,1.136,1.157,1.269,1.214,1.242,1.389,1.250,1.024,1.308,1.246,1.372,1.849,1.734,1.159,1.040,1.123,1.042,1.328,1.528,1.501,1.000,1.000,1.113,1.000,1.024,1.000,,1.574,118,0.095,116
mh17KK-053,NPEPPS,rs3760370/rs3760371,2,17,45695832 45695914,82,,1.441,1.594,1.782,1.425,1.279,1.640,1.548,1.677,1.792,1.969,1.922,1.774,2.561,2.052,1.749,1.602,1.663,1.688,2.294,2.665,2.866,2.492,2.345,2.503,2.367,2.536,2.479,2.248,2.786,2.269,2.439,2.233,2.203,2.351,2.265,2.279,2.082,2.294,2.111,2.215,2.176,2.384,2.164,2.442,2.620,2.380,2.262,2.236,2.439,2.073,2.148,2.612,2.517,2.554,2.614,2.618,2.714,2.589,2.719,2.513,2.610,2.597,2.363,2.462,2.048,1.906,2.656,2.495,1.655,1.831,1.922,2.040,2.022,2.080,2.284,2.588,2.172,1.600,1.963,1.816,1.825,1.730,1.674,,2.176,82,0.094,117
mh12KK-092,CD4,rs2857234/rs2707209,2,12,6905181 6905264,83,,2.810,2.539,2.381,2.024,2.166,2.124,1.988,1.878,2.131,1.934,2.018,2.322,2.055,2.541,2.213,2.126,1.968,2.074,1.899,1.934,1.849,1.658,2.481,1.724,1.923,1.910,1.845,1.847,1.661,1.958,1.836,2.137,1.976,1.877,1.906,1.976,1.927,1.814,1.790,1.778,2.003,1.909,1.941,1.942,2.000,1.895,1.850,2.000,2.770,1.987,2.004,1.740,1.616,1.625,1.655,1.867,1.865,1.858,1.996,1.894,1.999,2.045,1.972,2.085,1.989,1.690,1.882,1.963,1.663,1.446,1.993,1.878,1.983,1.905,1.987,2.071,1.998,2.000,1.936,2.000,1.641,1.948,1.973,,1.969,98,0.086,118
mh10KK-084,CYP2C8,rs11572103/rs1058930,2,10,96818106 96818119,13,,1.396,1.934,1.600,1.560,1.395,1.484,1.498,1.539,1.704,1.426,1.471,1.600,1.316,1.796,1.308,1.295,1.336,1.543,1.137,1.103,1.257,1.182,1.000,1.080,1.549,1.202,1.174,1.098,1.019,1.000,1.064,1.031,1.112,1.109,1.073,1.141,1.152,1.105,1.000,1.174,1.066,1.065,1.030,1.069,1.646,1.040,1.050,1.012,1.166,1.000,1.020,1.019,1.000,1.000,1.000,1.000,1.000,1.021,1.000,1.000,1.000,1.009,1.000,1.000,1.000,1.000,1.280,1.000,1.117,1.000,1.019,1.000,1.000,1.020,1.048,1.124,1.032,1.198,1.000,1.036,1.031,1.000,1.019,,1.170,129,0.085,119
mh07KK-030,LOC401337,rs2330425/rs967066/rs10226425,3,7,53662097 53662131 53662194,97,,2.286,2.036,1.969,2.820,2.967,2.824,2.811,2.673,2.461,2.753,2.673,2.807,2.999,2.908,2.660,2.806,3.250,2.802,2.401,2.856,2.529,2.879,2.000,2.746,2.900,2.160,2.595,2.609,2.334,2.960,2.619,2.418,2.548,2.837,2.634,2.573,2.770,2.947,2.465,2.570,2.701,2.253,2.173,1.960,2.435,2.234,2.051,2.106,2.664,2.232,1.421,2.054,2.107,2.229,2.261,2.407,2.100,2.166,2.331,2.546,2.170,2.173,2.061,2.412,2.428,2.532,2.793,2.886,2.513,2.137,1.257,2.014,1.584,1.667,2.339,2.501,2.199,1.540,2.180,2.050,1.931,1.482,2.984,,2.411,59,0.085,120
mh07KK-082,PTC,rs150209521/rs713598,2,7,141673251 141673345,94,,1.692,2.213,2.000,1.945,1.999,2.029,1.997,1.997,1.969,2.053,1.976,2.322,1.827,1.899,2.020,1.991,1.974,2.012,2.000,1.999,1.960,1.948,1.870,1.995,1.876,1.574,1.979,2.000,1.994,1.764,1.944,1.766,1.913,1.804,1.898,1.908,1.967,1.940,1.984,1.880,1.913,1.891,1.927,1.942,1.600,1.767,1.722,1.770,1.965,1.891,1.981,1.988,1.991,1.964,1.782,1.768,1.780,1.739,1.536,1.688,1.606,1.606,1.882,1.536,1.980,1.980,1.849,1.579,1.930,1.446,1.890,1.081,1.074,1.255,1.805,1.959,1.968,1.105,1.000,1.320,1.220,1.555,1.000,,1.809,108,0.084,121
mh02KK-213,NMS,rs7568519/rs7577785/rs1519654,3,2,101096860 101096872 101096960,100,,2.207,1.549,2.169,2.132,2.339,2.298,2.268,2.205,2.237,2.496,2.467,2.374,2.144,2.327,2.324,2.210,2.226,2.130,1.668,1.521,1.324,1.350,1.772,1.366,1.784,1.480,1.452,1.517,1.504,1.727,1.573,1.510,1.485,1.522,1.603,1.712,1.651,1.541,1.600,1.581,1.403,2.081,1.677,1.963,1.649,2.086,2.194,1.875,1.841,1.968,2.072,2.042,1.986,1.955,1.938,2.236,2.001,1.966,2.027,2.317,2.457,2.238,1.792,2.052,1.660,1.766,1.117,1.580,1.482,1.092,1.339,1.479,1.626,1.612,1.527,1.583,1.627,1.280,1.424,1.562,1.527,1.492,1.942,,1.818,107,0.078,122
mh07KK-081,CYP3A5,rs41303343/rs28365094,2,7,99250394 99250475,81,,1.074,1.000,1.000,1.310,1.323,1.269,1.186,1.324,1.255,1.108,1.225,1.220,1.078,1.288,1.258,1.329,1.347,1.256,1.064,1.000,1.069,1.049,1.000,1.178,1.153,1.038,1.226,1.171,1.202,1.265,1.223,1.280,1.184,1.277,1.246,1.166,1.285,1.147,1.125,1.234,1.089,1.098,1.123,1.069,1.074,1.040,1.081,1.060,1.125,1.548,1.127,1.000,1.000,1.000,1.000,1.000,1.000,1.000,1.000,1.000,1.010,1.000,1.000,1.000,1.000,1.095,1.000,1.000,1.000,1.000,1.135,1.587,1.085,1.460,1.205,1.178,1.160,1.080,1.146,1.166,1.794,1.000,1.576,,1.151,131,0.076,123
mh17KK-055,TMEM235,rs11868709/rs9907137,2,17,76228571 76228630,59,,2.978,2.209,2.844,2.902,2.440,2.773,2.892,2.729,2.869,2.938,2.930,2.900,2.999,2.878,2.994,2.702,2.866,2.800,2.513,2.331,2.866,2.985,2.253,2.942,2.970,3.019,2.947,2.948,2.880,2.982,2.995,2.825,2.971,2.953,2.998,2.969,2.970,2.983,2.934,2.964,2.201,2.976,2.958,2.853,2.085,2.961,3.000,2.780,2.701,2.539,2.644,2.442,2.428,2.247,2.343,2.423,2.541,1.861,2.317,2.399,2.589,2.593,2.743,2.997,1.579,1.600,2.945,2.595,2.451,2.325,2.059,2.462,2.056,2.015,2.838,2.835,2.701,1.405,2.396,2.566,1.990,2.913,2.128,,2.642,46,0.072,124
mh17KK-076,MAPT,rs241027/rs528912185,2,17,43735478 43735518,40,,1.030,1.082,1.000,1.009,1.000,1.000,1.000,1.000,1.000,1.000,1.022,1.000,1.133,1.027,1.010,1.097,1.177,1.087,1.032,1.243,1.220,1.767,1.853,1.600,1.849,1.786,1.630,1.863,1.361,1.208,1.560,1.163,1.209,1.540,1.489,1.593,1.415,1.350,1.092,1.234,1.067,1.217,1.201,1.180,1.000,1.092,1.061,1.085,1.262,1.083,1.040,1.000,1.000,1.010,1.000,1.000,1.000,1.020,1.000,1.000,1.000,1.000,1.000,1.000,1.000,1.000,1.000,1.030,1.000,1.000,1.036,1.000,1.052,1.136,1.398,1.463,1.424,1.000,1.153,1.151,1.000,1.024,1.000,,1.168,130,0.069,125
mh04KK-029,ADH,rs59534319/rs971074,2,4,100341839 100341861,22,,1.924,1.919,1.600,1.651,1.695,1.936,2.052,2.025,1.844,2.011,1.519,1.471,1.291,1.711,1.603,1.636,1.722,1.798,1.992,1.825,1.640,1.466,1.694,1.338,1.191,1.317,1.171,1.271,1.224,1.265,1.269,1.212,1.313,1.236,1.222,1.297,1.285,1.342,1.471,1.372,1.260,1.133,1.167,1.220,1.000,1.192,1.192,1.259,1.562,1.574,1.460,1.297,1.156,1.401,1.368,1.242,1.191,1.196,1.185,1.187,1.140,1.175,1.173,1.133,1.000,1.322,1.528,1.262,1.317,1.941,1.577,1.215,1.690,1.249,1.358,1.233,1.380,1.280,1.100,1.223,1.238,1.203,1.000,,1.407,124,0.066,126
mh20KK-059,CDH4,rs10854214/rs10854215,2,20,59703918 59704014,96,,2.932,2.492,2.462,2.024,2.391,2.275,2.434,2.364,2.492,2.415,2.298,2.597,2.691,2.189,2.431,2.092,2.180,2.405,2.519,1.599,1.718,2.330,1.596,2.041,2.155,1.886,1.995,2.046,1.976,1.921,2.121,2.139,1.951,2.024,2.130,2.032,2.129,2.152,1.853,1.985,2.088,1.852,1.929,1.448,1.600,1.790,1.854,1.672,1.959,2.036,2.231,1.939,1.868,2.070,2.036,1.992,1.686,2.312,2.007,1.758,1.867,2.099,1.855,1.529,2.246,1.802,2.160,2.380,2.916,2.195,1.762,1.908,1.997,1.623,1.855,2.131,1.932,1.946,1.847,1.700,1.988,1.292,1.807,,2.053,92,0.065,127
mh10KK-087,SORCS3,rs10884095/rs1452267,2,10,106881469 106881511,42,,1.789,1.911,1.969,1.907,1.864,1.927,1.821,1.736,1.878,1.724,1.750,1.699,1.600,1.988,1.880,1.882,1.987,1.717,1.759,1.995,2.000,1.914,1.919,1.989,1.820,1.841,1.932,1.989,1.957,1.999,1.987,1.967,1.837,1.988,2.000,1.991,1.987,1.997,1.998,1.998,1.992,2.000,1.941,1.965,1.912,1.887,1.963,1.955,1.778,1.753,1.719,1.681,1.678,1.874,1.749,1.768,1.600,1.873,1.888,1.928,1.929,1.997,1.785,2.000,1.866,1.600,1.753,1.811,1.208,1.508,1.989,1.724,1.946,1.686,1.853,1.935,1.944,1.600,1.658,1.895,1.806,1.508,1.839,,1.851,103,0.064,128
mh09KK-035,RXRA,rs3118582/rs10776839,2,9,137417115 137417308,193,,2.853,2.974,2.844,2.773,2.790,2.681,2.798,2.877,2.926,2.571,2.971,2.597,2.687,2.939,2.827,2.913,2.933,2.972,2.848,2.422,2.741,2.533,2.489,2.567,2.612,2.501,2.839,2.818,2.662,2.695,2.652,2.649,2.579,2.899,2.737,2.882,2.902,2.919,2.792,2.738,3.055,2.642,2.845,2.723,1.931,2.579,2.722,2.759,2.404,2.960,2.401,2.849,2.567,2.673,2.709,2.563,2.675,2.860,2.371,2.747,2.647,2.647,2.698,2.760,2.880,2.396,2.571,2.710,2.402,1.627,2.755,2.092,2.488,2.243,2.236,2.858,2.943,1.541,2.333,2.486,1.708,2.834,2.257,,2.645,45,0.058,129
mh01KK-072,ACADM,rs1251079/rs1251078,2,1,76189445 76189488,43,,1.707,1.977,1.923,1.628,1.652,1.790,1.658,1.617,1.573,1.761,1.963,1.988,1.819,1.846,1.898,1.859,1.788,1.600,1.995,1.690,1.997,1.893,1.288,1.753,1.993,1.906,1.991,1.826,1.660,1.774,1.926,1.932,1.846,1.906,1.845,1.899,1.949,1.911,1.974,1.832,1.986,1.679,1.741,1.778,1.800,1.662,1.587,1.659,1.262,1.960,1.950,1.800,1.744,1.856,1.862,1.606,1.600,1.822,1.632,1.385,1.515,1.414,1.800,1.471,1.999,1.766,1.438,1.192,1.434,1.541,2.000,1.574,1.995,1.917,1.998,1.948,1.950,2.000,1.424,1.752,1.992,1.983,1.162,,1.765,112,0.057,130
mh05KK-078,TAS2R1,rs2234234/rs2234233,2,5,9629470 9629529,59,,1.125,1.305,1.133,1.122,1.113,1.019,1.052,1.026,1.022,1.108,1.145,1.164,1.051,1.142,1.106,1.058,1.104,1.010,1.312,1.126,1.508,1.361,1.273,1.385,1.319,1.600,1.294,1.283,1.528,1.406,1.399,1.576,1.682,1.298,1.385,1.394,1.422,1.324,1.448,1.398,1.852,1.653,1.405,1.670,1.451,1.410,1.335,1.434,1.519,1.873,1.700,1.246,1.391,1.268,1.295,1.277,1.229,1.229,1.311,1.187,1.151,1.166,1.000,1.025,1.024,1.198,1.528,1.286,1.198,1.208,1.310,1.419,1.640,1.306,1.319,1.352,1.287,1.180,1.208,1.178,1.113,1.000,1.020,,1.294,128,0.039,131
,,,,,,,# > 3.0  ->,33,24,22,31,33,29,28,29,30,30,34,34,39,32,33,35,38,34,38,34,34,34,21,33,31,33,37,36,30,39,35,35,36,38,38,36,37,35,33,37,33,41,39,41,30,38,40,38,34,32,33,30,31,28,30,34,30,30,32,28,30,31,30,27,18,31,20,25,13,17,18,18,15,20,35,36,40,14,15,24,14,7,7,,,,,
,,,359,,,,# > 4.0  ->,12,7,7,12,13,14,10,15,15,15,17,16,19,13,18,20,17,16,15,15,10,17,5,18,17,14,17,17,17,19,18,11,15,16,14,14,15,14,11,15,11,20,16,18,11,15,15,17,8,8,13,12,14,11,9,11,7,12,8,8,7,9,11,5,8,9,5,9,2,2,5,4,2,6,14,18,16,1,4,6,2,1,1,,,,,
,,,,,max extent,291,,,,,,,,,,,,,,,,,,,,,,,,,,,,,,,,,,,,,,,,,,,,,,,,,,,,,,,,,,,,,,,,,,,,,,,,,,,,,,,,,,,,,max value,6.020,,0.403,
,,,,,min extent,12,,,,,,,,,,,,,,,,,,,,,,,,,,,,,,,,,,,,,,,,,,,,,,,,,,,,,,,,,,,,,,,,,,,,,,,,,,,,,,,,,,,,,min value,1.151,,0.039,
,,,,,median,112.5,,,,,,,,,,,,,,,,,,,,,,,,,,,,,,,,,,,,,,,,,,,,,,,,,,,,,,,,,,,,,,,,,,,,,,,,,,,,,,,,,,,,,median,2.326,,0.185,
